Username;Email;Password;FirstName;LastName;PhoneNumber;City;Address
U000000001;harry5@mail.com;Harry5;Harry;Rider;881-6585;Halloween Town;Elm St. 466
U000000002;fiona9@mail.com;Fiona9;Fiona;Sheriff;854-6470;San Fransokyo;Magnolia Way 49
U000000003;tigress5@mail.com;Tigress5;Tigress;Incredible;772-2505;San Fransokyo;Sunset Blvd. 515
U000000004;clark8@mail.com;Clark8;Clark;Dash;157-5650;Halloween Town;Main St. 56
U000000005;ernesto9@mail.com;Ernesto9;Ernesto;Arendelle;791-8025;Sherwood;Main St. 662
U000000006;bart2@mail.com;Bart2;Bart;Hawthorne;604-1518;Berk;Broadway 584
U000000007;lois6@mail.com;Lois6;Lois;Sven;705-5552;Zootopia;Pine St. 258
U000000008;barney2@mail.com;Barney2;Barney;Rider;705-4245;Pandora;1st Ave. 92
U000000009;olaf8@mail.com;Olaf8;Olaf;Sven;426-6746;Gotham;1st Ave. 554
U000000010;maui5@mail.com;Maui5;Maui;Simpson;214-7855;Radiator Springs;4rd Ave. 642
U000000011;dante6@mail.com;Dante6;Dante;Incredible;652-8520;Pandora;Broadway 856
U000000012;miguel4@mail.com;Miguel4;Miguel;Simpson;852-4228;Arendelle;Washington Blvd. 651
U000000013;bart0@mail.com;Bart0;Bart;Sandman;425-2817;Radiator Springs;Elm St. 120
U000000014;homer6@mail.com;Homer6;Homer;Simpson;170-5842;Sunnydale;Oak St. 559
U000000015;kristo9@mail.com;Kristo9;Kristo;Szyslak;912-7275;Hill Valley;Park Place 865
U000000016;olaf1@mail.com;Olaf1;Olaf;Wayne;479-4855;Springfield;Park Place 468
U000000017;donkey1@mail.com;Donkey1;Donkey;Rider;505-1209;Pandora;Main St. 695
U000000018;fiona2@mail.com;Fiona2;Fiona;Flanders;655-1057;Sherwood;4rd Ave. 890
U000000019;toothles5@mail.com;Toothles5;Toothless;Dash;145-1517;Halloween Town;Cedar Ln. 995
U000000020;viper5@mail.com;Viper5;Viper;Flanders;594-2756;Berk;Magnolia Way 859
U000000021;natasha1@mail.com;Natasha1;Natasha;Gumble;452-4258;Metropolis;2nd Ave. 900
U000000022;simba2@mail.com;Simba2;Simba;Sheriff;252-7081;Seaside;Maple St. 190
U000000023;steve8@mail.com;Steve8;Steve;Lane;762-1675;Metropolis;Oak St. 10
U000000024;hiccup6@mail.com;Hiccup6;Hiccup;Romanoff;901-6087;Radiator Springs;Elm St. 584
U000000025;jack6@mail.com;Jack6;Jack;Lightyear;271-7550;Halloween Town;Sunset Blvd. 195
U000000026;scar2@mail.com;Scar2;Scar;Incredible;425-2685;Arendelle;Washington Blvd. 621
U000000027;simba5@mail.com;Simba5;Simba;Prince;257-9854;Seaside;Elm St. 558
U000000028;tony8@mail.com;Tony8;Tony;Pumbaa;872-8791;Berk;2nd Ave. 54
U000000029;buzz5@mail.com;Buzz5;Buzz;Stark;404-5570;Metropolis;Magnolia Way 842
U000000030;walter5@mail.com;Walter5;Walter;Sandman;587-5275;Pandora;Magnolia Way 456
U000000031;scar6@mail.com;Scar6;Scar;Szyslak;472-9725;Springfield;Main St. 400
U000000032;luca6@mail.com;Luca6;Luca;Romanoff;517-7740;Atlantis;Main St. 694
U000000033;moe1@mail.com;Moe1;Moe;Romanoff;855-5420;San Fransokyo;Magnolia Way 57
U000000034;merida0@mail.com;Merida0;Merida;Stormfly;642-1785;Halloween Town;1st Ave. 595
U000000035;kristo7@mail.com;Kristo7;Kristo;Van Houten;542-6170;Berk;2nd Ave. 586
U000000036;kristo9@mail.com;Kristo9;Kristo;Sandman;150-7429;Radiator Springs;Magnolia Way 685
U000000037;barney1@mail.com;Barney1;Barney;KungFu;499-4509;Radiator Springs;1st Ave. 28
U000000038;harry5@mail.com;Harry5;Harry;Rider;881-6585;Halloween Town;Elm St. 466
U000000039;fiona9@mail.com;Fiona9;Fiona;Sheriff;854-6470;San Fransokyo;Magnolia Way 49
U000000040;tigress5@mail.com;Tigress5;Tigress;Incredible;772-2505;San Fransokyo;Sunset Blvd. 515
U000000041;diana6@mail.com;Diana6;Diana;Romanoff;559-2179;Emerald City;1st Ave. 812
U000000042;moe5@mail.com;Moe5;Moe;Rider;545-8191;Sunnydale;Park Place 699
U000000043;selina7@mail.com;Selina7;Selina;Szyslak;428-5526;Arendelle;Pine St. 668
U000000044;sandy2@mail.com;Sandy2;Sandy;Arendelle;508-6046;Metropolis;Pine St. 690
U000000045;simba6@mail.com;Simba6;Simba;KungFu;686-5892;Radiator Springs;Main St. 476
U000000046;barney9@mail.com;Barney9;Barney;Parker;942-8669;Hill Valley;Magnolia Way 878
U000000047;lisa0@mail.com;Lisa0;Lisa;Lightyear;254-9514;Metropolis;Riverside Dr. 649
U000000048;viper9@mail.com;Viper9;Viper;Sheriff;509-4695;Sunnydale;Riverside Dr. 285
U000000049;viper1@mail.com;Viper1;Viper;Van Houten;998-2405;Hill Valley;Sunset Blvd. 969
U000000050;maui2@mail.com;Maui2;Maui;Parker;967-2569;Radiator Springs;Maple St. 785
U000000051;ernesto6@mail.com;Ernesto6;Ernesto;Stark;846-4256;Springfield;Park Place 547
U000000052;clark8@mail.com;Clark8;Clark;Dash;157-5650;Halloween Town;Main St. 56
U000000053;ernesto9@mail.com;Ernesto9;Ernesto;Arendelle;791-8025;Sherwood;Main St. 662
U000000054;bart2@mail.com;Bart2;Bart;Hawthorne;604-1518;Berk;Broadway 584
U000000055;lois6@mail.com;Lois6;Lois;Sven;705-5552;Zootopia;Pine St. 258
U000000056;barney2@mail.com;Barney2;Barney;Rider;705-4245;Pandora;1st Ave. 92
U000000057;olaf8@mail.com;Olaf8;Olaf;Sven;426-6746;Gotham;1st Ave. 554
U000000058;maui5@mail.com;Maui5;Maui;Simpson;214-7855;Radiator Springs;4rd Ave. 642
U000000059;dante6@mail.com;Dante6;Dante;Incredible;652-8520;Pandora;Broadway 856
U000000060;miguel4@mail.com;Miguel4;Miguel;Simpson;852-4228;Arendelle;Washington Blvd. 651
U000000061;bart0@mail.com;Bart0;Bart;Sandman;425-2817;Radiator Springs;Elm St. 120
U000000062;homer6@mail.com;Homer6;Homer;Simpson;170-5842;Sunnydale;Oak St. 559
U000000063;diana6@mail.com;Diana6;Diana;Romanoff;559-2179;Emerald City;1st Ave. 812
U000000064;moe5@mail.com;Moe5;Moe;Rider;545-8191;Sunnydale;Park Place 699
U000000065;selina7@mail.com;Selina7;Selina;Szyslak;428-5526;Arendelle;Pine St. 668
U000000066;sandy2@mail.com;Sandy2;Sandy;Arendelle;508-6046;Metropolis;Pine St. 690
U000000067;simba6@mail.com;Simba6;Simba;KungFu;686-5892;Radiator Springs;Main St. 476
U000000068;barney9@mail.com;Barney9;Barney;Parker;942-8669;Hill Valley;Magnolia Way 878
U000000069;lisa0@mail.com;Lisa0;Lisa;Lightyear;254-9514;Metropolis;Riverside Dr. 649
U000000070;viper9@mail.com;Viper9;Viper;Sheriff;509-4695;Sunnydale;Riverside Dr. 285
U000000071;viper1@mail.com;Viper1;Viper;Van Houten;998-2405;Hill Valley;Sunset Blvd. 969
U000000072;maui2@mail.com;Maui2;Maui;Parker;967-2569;Radiator Springs;Maple St. 785
U000000073;clark8@mail.com;Clark8;Clark;Dash;157-5650;Halloween Town;Main St. 56
U000000074;bart2@mail.com;Bart2;Bart;Hawthorne;604-1518;Berk;Broadway 584
U000000075;lois6@mail.com;Lois6;Lois;Sven;705-5552;Zootopia;Pine St. 258
U000000076;barney2@mail.com;Barney2;Barney;Rider;705-4245;Pandora;1st Ave. 92
U000000077;olaf8@mail.com;Olaf8;Olaf;Sven;426-6746;Gotham;1st Ave. 554
U000000078;maui5@mail.com;Maui5;Maui;Simpson;214-7855;Radiator Springs;4rd Ave. 642
U000000079;dante6@mail.com;Dante6;Dante;Incredible;652-8520;Pandora;Broadway 856
U000000080;miguel4@mail.com;Miguel4;Miguel;Simpson;852-4228;Arendelle;Washington Blvd. 651
U000000081;bart0@mail.com;Bart0;Bart;Sandman;425-2817;Radiator Springs;Elm St. 120
U000000082;homer6@mail.com;Homer6;Homer;Simpson;170-5842;Sunnydale;Oak St. 559
U000000083;kristo9@mail.com;Kristo9;Kristo;Szyslak;912-7275;Hill Valley;Park Place 865
U000000084;olaf1@mail.com;Olaf1;Olaf;Wayne;479-4855;Springfield;Park Place 468
U000000085;donkey1@mail.com;Donkey1;Donkey;Rider;505-1209;Pandora;Main St. 695
U000000086;fiona2@mail.com;Fiona2;Fiona;Flanders;655-1057;Sherwood;4rd Ave. 890
U000000087;viper5@mail.com;Viper5;Viper;Flanders;594-2756;Berk;Magnolia Way 859
U000000088;simba2@mail.com;Simba2;Simba;Sheriff;252-7081;Seaside;Maple St. 190
U000000089;steve8@mail.com;Steve8;Steve;Lane;762-1675;Metropolis;Oak St. 10
U000000090;hiccup6@mail.com;Hiccup6;Hiccup;Romanoff;901-6087;Radiator Springs;Elm St. 584
U000000091;jack6@mail.com;Jack6;Jack;Lightyear;271-7550;Halloween Town;Sunset Blvd. 195
U000000092;scar2@mail.com;Scar2;Scar;Incredible;425-2685;Arendelle;Washington Blvd. 621
U000000093;simba5@mail.com;Simba5;Simba;Prince;257-9854;Seaside;Elm St. 558
U000000094;tony8@mail.com;Tony8;Tony;Pumbaa;872-8791;Berk;2nd Ave. 54
U000000095;buzz5@mail.com;Buzz5;Buzz;Stark;404-5570;Metropolis;Magnolia Way 842
U000000096;walter5@mail.com;Walter5;Walter;Sandman;587-5275;Pandora;Magnolia Way 456
U000000097;scar6@mail.com;Scar6;Scar;Szyslak;472-9725;Springfield;Main St. 400
U000000098;luca6@mail.com;Luca6;Luca;Romanoff;517-7740;Atlantis;Main St. 694
U000000099;moe1@mail.com;Moe1;Moe;Romanoff;855-5420;San Fransokyo;Magnolia Way 57
U000000100;merida0@mail.com;Merida0;Merida;Stormfly;642-1785;Halloween Town;1st Ave. 595
U000000101;kristo7@mail.com;Kristo7;Kristo;Van Houten;542-6170;Berk;2nd Ave. 586
U000000102;kristo9@mail.com;Kristo9;Kristo;Sandman;150-7429;Radiator Springs;Magnolia Way 685
U000000103;barney1@mail.com;Barney1;Barney;KungFu;499-4509;Radiator Springs;1st Ave. 28
U000000104;harry5@mail.com;Harry5;Harry;Rider;881-6585;Halloween Town;Elm St. 466
U000000105;fiona9@mail.com;Fiona9;Fiona;Sheriff;854-6470;San Fransokyo;Magnolia Way 49
U000000106;tigress5@mail.com;Tigress5;Tigress;Incredible;772-2505;San Fransokyo;Sunset Blvd. 515
U000000107;diana6@mail.com;Diana6;Diana;Romanoff;559-2179;Emerald City;1st Ave. 812
U000000108;moe5@mail.com;Moe5;Moe;Rider;545-8191;Sunnydale;Park Place 699
U000000109;selina7@mail.com;Selina7;Selina;Szyslak;428-5526;Arendelle;Pine St. 668
U000000110;sandy2@mail.com;Sandy2;Sandy;Arendelle;508-6046;Metropolis;Pine St. 690
U000000111;simba6@mail.com;Simba6;Simba;KungFu;686-5892;Radiator Springs;Main St. 476
U000000112;barney9@mail.com;Barney9;Barney;Parker;942-8669;Hill Valley;Magnolia Way 878
U000000113;lisa0@mail.com;Lisa0;Lisa;Lightyear;254-9514;Metropolis;Riverside Dr. 649
U000000114;viper9@mail.com;Viper9;Viper;Sheriff;509-4695;Sunnydale;Riverside Dr. 285
U000000115;viper1@mail.com;Viper1;Viper;Van Houten;998-2405;Hill Valley;Sunset Blvd. 969
U000000116;maui2@mail.com;Maui2;Maui;Parker;967-2569;Radiator Springs;Maple St. 785
U000000117;clark8@mail.com;Clark8;Clark;Dash;157-5650;Halloween Town;Main St. 56
U000000118;bart2@mail.com;Bart2;Bart;Hawthorne;604-1518;Berk;Broadway 584
U000000119;lois6@mail.com;Lois6;Lois;Sven;705-5552;Zootopia;Pine St. 258
U000000120;barney2@mail.com;Barney2;Barney;Rider;705-4245;Pandora;1st Ave. 92
U000000121;olaf8@mail.com;Olaf8;Olaf;Sven;426-6746;Gotham;1st Ave. 554
U000000122;maui5@mail.com;Maui5;Maui;Simpson;214-7855;Radiator Springs;4rd Ave. 642
U000000123;dante6@mail.com;Dante6;Dante;Incredible;652-8520;Pandora;Broadway 856
U000000124;miguel4@mail.com;Miguel4;Miguel;Simpson;852-4228;Arendelle;Washington Blvd. 651
U000000125;bart0@mail.com;Bart0;Bart;Sandman;425-2817;Radiator Springs;Elm St. 120
U000000126;homer6@mail.com;Homer6;Homer;Simpson;170-5842;Sunnydale;Oak St. 559
U000000127;kristo9@mail.com;Kristo9;Kristo;Szyslak;912-7275;Hill Valley;Park Place 865
U000000128;olaf1@mail.com;Olaf1;Olaf;Wayne;479-4855;Springfield;Park Place 468
U000000129;donkey1@mail.com;Donkey1;Donkey;Rider;505-1209;Pandora;Main St. 695
U000000130;fiona2@mail.com;Fiona2;Fiona;Flanders;655-1057;Sherwood;4rd Ave. 890
U000000131;viper5@mail.com;Viper5;Viper;Flanders;594-2756;Berk;Magnolia Way 859
U000000132;simba2@mail.com;Simba2;Simba;Sheriff;252-7081;Seaside;Maple St. 190
U000000133;steve8@mail.com;Steve8;Steve;Lane;762-1675;Metropolis;Oak St. 10
U000000134;hiccup6@mail.com;Hiccup6;Hiccup;Romanoff;901-6087;Radiator Springs;Elm St. 584
U000000135;jack6@mail.com;Jack6;Jack;Lightyear;271-7550;Halloween Town;Sunset Blvd. 195
U000000136;scar2@mail.com;Scar2;Scar;Incredible;425-2685;Arendelle;Washington Blvd. 621
U000000137;simba5@mail.com;Simba5;Simba;Prince;257-9854;Seaside;Elm St. 558
U000000138;tony8@mail.com;Tony8;Tony;Pumbaa;872-8791;Berk;2nd Ave. 54
U000000139;buzz5@mail.com;Buzz5;Buzz;Stark;404-5570;Metropolis;Magnolia Way 842
U000000140;walter5@mail.com;Walter5;Walter;Sandman;587-5275;Pandora;Magnolia Way 456
U000000141;scar6@mail.com;Scar6;Scar;Szyslak;472-9725;Springfield;Main St. 400
U000000142;luca6@mail.com;Luca6;Luca;Romanoff;517-7740;Atlantis;Main St. 694
U000000143;moe1@mail.com;Moe1;Moe;Romanoff;855-5420;San Fransokyo;Magnolia Way 57
U000000144;merida0@mail.com;Merida0;Merida;Stormfly;642-1785;Halloween Town;1st Ave. 595
U000000145;kristo7@mail.com;Kristo7;Kristo;Van Houten;542-6170;Berk;2nd Ave. 586
U000000146;kristo9@mail.com;Kristo9;Kristo;Sandman;150-7429;Radiator Springs;Magnolia Way 685
U000000147;barney1@mail.com;Barney1;Barney;KungFu;499-4509;Radiator Springs;1st Ave. 28
U000000148;harry5@mail.com;Harry5;Harry;Rider;881-6585;Halloween Town;Elm St. 466
U000000149;fiona9@mail.com;Fiona9;Fiona;Sheriff;854-6470;San Fransokyo;Magnolia Way 49
U000000150;tigress5@mail.com;Tigress5;Tigress;Incredible;772-2505;San Fransokyo;Sunset Blvd. 515
U000000151;diana6@mail.com;Diana6;Diana;Romanoff;559-2179;Emerald City;1st Ave. 812
U000000152;moe5@mail.com;Moe5;Moe;Rider;545-8191;Sunnydale;Park Place 699
U000000153;selina7@mail.com;Selina7;Selina;Szyslak;428-5526;Arendelle;Pine St. 668
U000000154;sandy2@mail.com;Sandy2;Sandy;Arendelle;508-6046;Metropolis;Pine St. 690
U000000155;simba6@mail.com;Simba6;Simba;KungFu;686-5892;Radiator Springs;Main St. 476
U000000156;barney9@mail.com;Barney9;Barney;Parker;942-8669;Hill Valley;Magnolia Way 878
U000000157;lisa0@mail.com;Lisa0;Lisa;Lightyear;254-9514;Metropolis;Riverside Dr. 649
U000000158;viper9@mail.com;Viper9;Viper;Sheriff;509-4695;Sunnydale;Riverside Dr. 285
U000000159;viper1@mail.com;Viper1;Viper;Van Houten;998-2405;Hill Valley;Sunset Blvd. 969
U000000160;maui2@mail.com;Maui2;Maui;Parker;967-2569;Radiator Springs;Maple St. 785
U000000161;clark8@mail.com;Clark8;Clark;Dash;157-5650;Halloween Town;Main St. 56
U000000162;bart2@mail.com;Bart2;Bart;Hawthorne;604-1518;Berk;Broadway 584
U000000163;lois6@mail.com;Lois6;Lois;Sven;705-5552;Zootopia;Pine St. 258
U000000164;barney2@mail.com;Barney2;Barney;Rider;705-4245;Pandora;1st Ave. 92
U000000165;olaf8@mail.com;Olaf8;Olaf;Sven;426-6746;Gotham;1st Ave. 554
U000000166;maui5@mail.com;Maui5;Maui;Simpson;214-7855;Radiator Springs;4rd Ave. 642
U000000167;dante6@mail.com;Dante6;Dante;Incredible;652-8520;Pandora;Broadway 856
U000000168;miguel4@mail.com;Miguel4;Miguel;Simpson;852-4228;Arendelle;Washington Blvd. 651
U000000169;bart0@mail.com;Bart0;Bart;Sandman;425-2817;Radiator Springs;Elm St. 120
U000000170;homer6@mail.com;Homer6;Homer;Simpson;170-5842;Sunnydale;Oak St. 559
U000000171;kristo9@mail.com;Kristo9;Kristo;Szyslak;912-7275;Hill Valley;Park Place 865
U000000172;olaf1@mail.com;Olaf1;Olaf;Wayne;479-4855;Springfield;Park Place 468
U000000173;donkey1@mail.com;Donkey1;Donkey;Rider;505-1209;Pandora;Main St. 695
U000000174;fiona2@mail.com;Fiona2;Fiona;Flanders;655-1057;Sherwood;4rd Ave. 890
U000000175;viper5@mail.com;Viper5;Viper;Flanders;594-2756;Berk;Magnolia Way 859
U000000176;simba2@mail.com;Simba2;Simba;Sheriff;252-7081;Seaside;Maple St. 190
U000000177;steve8@mail.com;Steve8;Steve;Lane;762-1675;Metropolis;Oak St. 10
U000000178;hiccup6@mail.com;Hiccup6;Hiccup;Romanoff;901-6087;Radiator Springs;Elm St. 584
U000000179;jack6@mail.com;Jack6;Jack;Lightyear;271-7550;Halloween Town;Sunset Blvd. 195
U000000180;scar2@mail.com;Scar2;Scar;Incredible;425-2685;Arendelle;Washington Blvd. 621
U000000181;simba5@mail.com;Simba5;Simba;Prince;257-9854;Seaside;Elm St. 558
U000000182;tony8@mail.com;Tony8;Tony;Pumbaa;872-8791;Berk;2nd Ave. 54
U000000183;buzz5@mail.com;Buzz5;Buzz;Stark;404-5570;Metropolis;Magnolia Way 842
U000000184;walter5@mail.com;Walter5;Walter;Sandman;587-5275;Pandora;Magnolia Way 456
U000000185;scar6@mail.com;Scar6;Scar;Szyslak;472-9725;Springfield;Main St. 400
U000000186;luca6@mail.com;Luca6;Luca;Romanoff;517-7740;Atlantis;Main St. 694
U000000187;moe1@mail.com;Moe1;Moe;Romanoff;855-5420;San Fransokyo;Magnolia Way 57
U000000188;merida0@mail.com;Merida0;Merida;Stormfly;642-1785;Halloween Town;1st Ave. 595
U000000189;kristo7@mail.com;Kristo7;Kristo;Van Houten;542-6170;Berk;2nd Ave. 586
U000000190;kristo9@mail.com;Kristo9;Kristo;Sandman;150-7429;Radiator Springs;Magnolia Way 685
U000000191;barney1@mail.com;Barney1;Barney;KungFu;499-4509;Radiator Springs;1st Ave. 28
U000000192;harry5@mail.com;Harry5;Harry;Rider;881-6585;Halloween Town;Elm St. 466
U000000193;fiona9@mail.com;Fiona9;Fiona;Sheriff;854-6470;San Fransokyo;Magnolia Way 49
U000000194;tigress5@mail.com;Tigress5;Tigress;Incredible;772-2505;San Fransokyo;Sunset Blvd. 515
U000000195;diana6@mail.com;Diana6;Diana;Romanoff;559-2179;Emerald City;1st Ave. 812
U000000196;moe5@mail.com;Moe5;Moe;Rider;545-8191;Sunnydale;Park Place 699
U000000197;selina7@mail.com;Selina7;Selina;Szyslak;428-5526;Arendelle;Pine St. 668
U000000198;sandy2@mail.com;Sandy2;Sandy;Arendelle;508-6046;Metropolis;Pine St. 690
U000000199;simba6@mail.com;Simba6;Simba;KungFu;686-5892;Radiator Springs;Main St. 476
U000000200;barney9@mail.com;Barney9;Barney;Parker;942-8669;Hill Valley;Magnolia Way 878
U000000201;lisa0@mail.com;Lisa0;Lisa;Lightyear;254-9514;Metropolis;Riverside Dr. 649
U000000202;viper9@mail.com;Viper9;Viper;Sheriff;509-4695;Sunnydale;Riverside Dr. 285
U000000203;viper1@mail.com;Viper1;Viper;Van Houten;998-2405;Hill Valley;Sunset Blvd. 969
U000000204;maui2@mail.com;Maui2;Maui;Parker;967-2569;Radiator Springs;Maple St. 785
U000000205;clark8@mail.com;Clark8;Clark;Dash;157-5650;Halloween Town;Main St. 56
U000000206;bart2@mail.com;Bart2;Bart;Hawthorne;604-1518;Berk;Broadway 584
U000000207;lois6@mail.com;Lois6;Lois;Sven;705-5552;Zootopia;Pine St. 258
U000000208;barney2@mail.com;Barney2;Barney;Rider;705-4245;Pandora;1st Ave. 92
U000000209;olaf8@mail.com;Olaf8;Olaf;Sven;426-6746;Gotham;1st Ave. 554
U000000210;maui5@mail.com;Maui5;Maui;Simpson;214-7855;Radiator Springs;4rd Ave. 642
U000000211;dante6@mail.com;Dante6;Dante;Incredible;652-8520;Pandora;Broadway 856
U000000212;miguel4@mail.com;Miguel4;Miguel;Simpson;852-4228;Arendelle;Washington Blvd. 651
U000000213;bart0@mail.com;Bart0;Bart;Sandman;425-2817;Radiator Springs;Elm St. 120
U000000214;homer6@mail.com;Homer6;Homer;Simpson;170-5842;Sunnydale;Oak St. 559
U000000215;kristo9@mail.com;Kristo9;Kristo;Szyslak;912-7275;Hill Valley;Park Place 865
U000000216;olaf1@mail.com;Olaf1;Olaf;Wayne;479-4855;Springfield;Park Place 468
U000000217;donkey1@mail.com;Donkey1;Donkey;Rider;505-1209;Pandora;Main St. 695
U000000218;fiona2@mail.com;Fiona2;Fiona;Flanders;655-1057;Sherwood;4rd Ave. 890
U000000219;viper5@mail.com;Viper5;Viper;Flanders;594-2756;Berk;Magnolia Way 859
U000000220;simba2@mail.com;Simba2;Simba;Sheriff;252-7081;Seaside;Maple St. 190
U000000221;steve8@mail.com;Steve8;Steve;Lane;762-1675;Metropolis;Oak St. 10
U000000222;hiccup6@mail.com;Hiccup6;Hiccup;Romanoff;901-6087;Radiator Springs;Elm St. 584
U000000223;jack6@mail.com;Jack6;Jack;Lightyear;271-7550;Halloween Town;Sunset Blvd. 195
U000000224;scar2@mail.com;Scar2;Scar;Incredible;425-2685;Arendelle;Washington Blvd. 621
U000000225;simba5@mail.com;Simba5;Simba;Prince;257-9854;Seaside;Elm St. 558
U000000226;tony8@mail.com;Tony8;Tony;Pumbaa;872-8791;Berk;2nd Ave. 54
U000000227;buzz5@mail.com;Buzz5;Buzz;Stark;404-5570;Metropolis;Magnolia Way 842
U000000228;walter5@mail.com;Walter5;Walter;Sandman;587-5275;Pandora;Magnolia Way 456
U000000229;scar6@mail.com;Scar6;Scar;Szyslak;472-9725;Springfield;Main St. 400
U000000230;luca6@mail.com;Luca6;Luca;Romanoff;517-7740;Atlantis;Main St. 694
U000000231;moe1@mail.com;Moe1;Moe;Romanoff;855-5420;San Fransokyo;Magnolia Way 57
U000000232;merida0@mail.com;Merida0;Merida;Stormfly;642-1785;Halloween Town;1st Ave. 595
U000000233;kristo7@mail.com;Kristo7;Kristo;Van Houten;542-6170;Berk;2nd Ave. 586
U000000234;kristo9@mail.com;Kristo9;Kristo;Sandman;150-7429;Radiator Springs;Magnolia Way 685
U000000235;barney1@mail.com;Barney1;Barney;KungFu;499-4509;Radiator Springs;1st Ave. 28
U000000236;harry5@mail.com;Harry5;Harry;Rider;881-6585;Halloween Town;Elm St. 466
U000000237;fiona9@mail.com;Fiona9;Fiona;Sheriff;854-6470;San Fransokyo;Magnolia Way 49
U000000238;tigress5@mail.com;Tigress5;Tigress;Incredible;772-2505;San Fransokyo;Sunset Blvd. 515
U000000239;diana6@mail.com;Diana6;Diana;Romanoff;559-2179;Emerald City;1st Ave. 812
U000000240;moe5@mail.com;Moe5;Moe;Rider;545-8191;Sunnydale;Park Place 699
U000000241;selina7@mail.com;Selina7;Selina;Szyslak;428-5526;Arendelle;Pine St. 668
U000000242;sandy2@mail.com;Sandy2;Sandy;Arendelle;508-6046;Metropolis;Pine St. 690
U000000243;simba6@mail.com;Simba6;Simba;KungFu;686-5892;Radiator Springs;Main St. 476
U000000244;barney9@mail.com;Barney9;Barney;Parker;942-8669;Hill Valley;Magnolia Way 878
U000000245;lisa0@mail.com;Lisa0;Lisa;Lightyear;254-9514;Metropolis;Riverside Dr. 649
U000000246;viper9@mail.com;Viper9;Viper;Sheriff;509-4695;Sunnydale;Riverside Dr. 285
U000000247;viper1@mail.com;Viper1;Viper;Van Houten;998-2405;Hill Valley;Sunset Blvd. 969
U000000248;maui2@mail.com;Maui2;Maui;Parker;967-2569;Radiator Springs;Maple St. 785
U000000249;clark8@mail.com;Clark8;Clark;Dash;157-5650;Halloween Town;Main St. 56
U000000250;bart2@mail.com;Bart2;Bart;Hawthorne;604-1518;Berk;Broadway 584
U000000251;lois6@mail.com;Lois6;Lois;Sven;705-5552;Zootopia;Pine St. 258
U000000252;barney2@mail.com;Barney2;Barney;Rider;705-4245;Pandora;1st Ave. 92
U000000253;olaf8@mail.com;Olaf8;Olaf;Sven;426-6746;Gotham;1st Ave. 554
U000000254;maui5@mail.com;Maui5;Maui;Simpson;214-7855;Radiator Springs;4rd Ave. 642
U000000255;dante6@mail.com;Dante6;Dante;Incredible;652-8520;Pandora;Broadway 856
U000000256;miguel4@mail.com;Miguel4;Miguel;Simpson;852-4228;Arendelle;Washington Blvd. 651
U000000257;bart0@mail.com;Bart0;Bart;Sandman;425-2817;Radiator Springs;Elm St. 120
U000000258;homer6@mail.com;Homer6;Homer;Simpson;170-5842;Sunnydale;Oak St. 559
U000000259;kristo9@mail.com;Kristo9;Kristo;Szyslak;912-7275;Hill Valley;Park Place 865
U000000260;olaf1@mail.com;Olaf1;Olaf;Wayne;479-4855;Springfield;Park Place 468
U000000261;donkey1@mail.com;Donkey1;Donkey;Rider;505-1209;Pandora;Main St. 695
U000000262;fiona2@mail.com;Fiona2;Fiona;Flanders;655-1057;Sherwood;4rd Ave. 890
U000000263;viper5@mail.com;Viper5;Viper;Flanders;594-2756;Berk;Magnolia Way 859
U000000264;simba2@mail.com;Simba2;Simba;Sheriff;252-7081;Seaside;Maple St. 190
U000000265;steve8@mail.com;Steve8;Steve;Lane;762-1675;Metropolis;Oak St. 10
U000000266;hiccup6@mail.com;Hiccup6;Hiccup;Romanoff;901-6087;Radiator Springs;Elm St. 584
U000000267;jack6@mail.com;Jack6;Jack;Lightyear;271-7550;Halloween Town;Sunset Blvd. 195
U000000268;scar2@mail.com;Scar2;Scar;Incredible;425-2685;Arendelle;Washington Blvd. 621
U000000269;simba5@mail.com;Simba5;Simba;Prince;257-9854;Seaside;Elm St. 558
U000000270;tony8@mail.com;Tony8;Tony;Pumbaa;872-8791;Berk;2nd Ave. 54
U000000271;buzz5@mail.com;Buzz5;Buzz;Stark;404-5570;Metropolis;Magnolia Way 842
U000000272;walter5@mail.com;Walter5;Walter;Sandman;587-5275;Pandora;Magnolia Way 456
U000000273;scar6@mail.com;Scar6;Scar;Szyslak;472-9725;Springfield;Main St. 400
U000000274;luca6@mail.com;Luca6;Luca;Romanoff;517-7740;Atlantis;Main St. 694
U000000275;moe1@mail.com;Moe1;Moe;Romanoff;855-5420;San Fransokyo;Magnolia Way 57
U000000276;merida0@mail.com;Merida0;Merida;Stormfly;642-1785;Halloween Town;1st Ave. 595
U000000277;kristo7@mail.com;Kristo7;Kristo;Van Houten;542-6170;Berk;2nd Ave. 586
U000000278;kristo9@mail.com;Kristo9;Kristo;Sandman;150-7429;Radiator Springs;Magnolia Way 685
U000000279;barney1@mail.com;Barney1;Barney;KungFu;499-4509;Radiator Springs;1st Ave. 28
U000000280;harry5@mail.com;Harry5;Harry;Rider;881-6585;Halloween Town;Elm St. 466
U000000281;fiona9@mail.com;Fiona9;Fiona;Sheriff;854-6470;San Fransokyo;Magnolia Way 49
U000000282;tigress5@mail.com;Tigress5;Tigress;Incredible;772-2505;San Fransokyo;Sunset Blvd. 515
U000000283;diana6@mail.com;Diana6;Diana;Romanoff;559-2179;Emerald City;1st Ave. 812
U000000284;moe5@mail.com;Moe5;Moe;Rider;545-8191;Sunnydale;Park Place 699
U000000285;selina7@mail.com;Selina7;Selina;Szyslak;428-5526;Arendelle;Pine St. 668
U000000286;sandy2@mail.com;Sandy2;Sandy;Arendelle;508-6046;Metropolis;Pine St. 690
U000000287;simba6@mail.com;Simba6;Simba;KungFu;686-5892;Radiator Springs;Main St. 476
U000000288;barney9@mail.com;Barney9;Barney;Parker;942-8669;Hill Valley;Magnolia Way 878
U000000289;lisa0@mail.com;Lisa0;Lisa;Lightyear;254-9514;Metropolis;Riverside Dr. 649
U000000290;viper9@mail.com;Viper9;Viper;Sheriff;509-4695;Sunnydale;Riverside Dr. 285
U000000291;viper1@mail.com;Viper1;Viper;Van Houten;998-2405;Hill Valley;Sunset Blvd. 969
U000000292;maui2@mail.com;Maui2;Maui;Parker;967-2569;Radiator Springs;Maple St. 785
U000000293;clark8@mail.com;Clark8;Clark;Dash;157-5650;Halloween Town;Main St. 56
U000000294;bart2@mail.com;Bart2;Bart;Hawthorne;604-1518;Berk;Broadway 584
U000000295;lois6@mail.com;Lois6;Lois;Sven;705-5552;Zootopia;Pine St. 258
U000000296;barney2@mail.com;Barney2;Barney;Rider;705-4245;Pandora;1st Ave. 92
U000000297;olaf8@mail.com;Olaf8;Olaf;Sven;426-6746;Gotham;1st Ave. 554
U000000298;maui5@mail.com;Maui5;Maui;Simpson;214-7855;Radiator Springs;4rd Ave. 642
U000000299;dante6@mail.com;Dante6;Dante;Incredible;652-8520;Pandora;Broadway 856
U000000300;miguel4@mail.com;Miguel4;Miguel;Simpson;852-4228;Arendelle;Washington Blvd. 651
U000000301;bart0@mail.com;Bart0;Bart;Sandman;425-2817;Radiator Springs;Elm St. 120
U000000302;homer6@mail.com;Homer6;Homer;Simpson;170-5842;Sunnydale;Oak St. 559
U000000303;kristo9@mail.com;Kristo9;Kristo;Szyslak;912-7275;Hill Valley;Park Place 865
U000000304;olaf1@mail.com;Olaf1;Olaf;Wayne;479-4855;Springfield;Park Place 468
U000000305;donkey1@mail.com;Donkey1;Donkey;Rider;505-1209;Pandora;Main St. 695
U000000306;fiona2@mail.com;Fiona2;Fiona;Flanders;655-1057;Sherwood;4rd Ave. 890
U000000307;viper5@mail.com;Viper5;Viper;Flanders;594-2756;Berk;Magnolia Way 859
U000000308;simba2@mail.com;Simba2;Simba;Sheriff;252-7081;Seaside;Maple St. 190
U000000309;steve8@mail.com;Steve8;Steve;Lane;762-1675;Metropolis;Oak St. 10
U000000310;hiccup6@mail.com;Hiccup6;Hiccup;Romanoff;901-6087;Radiator Springs;Elm St. 584
U000000311;jack6@mail.com;Jack6;Jack;Lightyear;271-7550;Halloween Town;Sunset Blvd. 195
U000000312;scar2@mail.com;Scar2;Scar;Incredible;425-2685;Arendelle;Washington Blvd. 621
U000000313;simba5@mail.com;Simba5;Simba;Prince;257-9854;Seaside;Elm St. 558
U000000314;tony8@mail.com;Tony8;Tony;Pumbaa;872-8791;Berk;2nd Ave. 54
U000000315;buzz5@mail.com;Buzz5;Buzz;Stark;404-5570;Metropolis;Magnolia Way 842
U000000316;walter5@mail.com;Walter5;Walter;Sandman;587-5275;Pandora;Magnolia Way 456
U000000317;scar6@mail.com;Scar6;Scar;Szyslak;472-9725;Springfield;Main St. 400
U000000318;luca6@mail.com;Luca6;Luca;Romanoff;517-7740;Atlantis;Main St. 694
U000000319;moe1@mail.com;Moe1;Moe;Romanoff;855-6420;San Fransokyo;Magnolia Way 57
U000000320;merida0@mail.com;Merida0;Merida;Stormfly;642-1785;Halloween Town;1st Ave. 595
U000000321;kristo7@mail.com;Kristo7;Kristo;Van Houten;642-6170;Berk;2nd Ave. 586
U000000322;kristo9@mail.com;Kristo9;Kristo;Sandman;150-7429;Radiator Springs;Magnolia Way 685
U000000323;barney1@mail.com;Barney1;Barney;KungFu;499-4509;Radiator Springs;1st Ave. 28
U000000324;harry5@mail.com;Harry5;Harry;Rider;881-6585;Halloween Town;Elm St. 466
U000000325;fiona9@mail.com;Fiona9;Fiona;Sheriff;854-6470;San Fransokyo;Magnolia Way 49
U000000326;tigress5@mail.com;Tigress5;Tigress;Incredible;772-2505;San Fransokyo;Sunset Blvd. 515
U000000327;diana6@mail.com;Diana6;Diana;Romanoff;559-2179;Emerald City;1st Ave. 812
U000000328;moe5@mail.com;Moe5;Moe;Rider;545-8191;Sunnydale;Park Place 699
U000000329;selina7@mail.com;Selina7;Selina;Szyslak;428-5526;Arendelle;Pine St. 668
U000000330;sandy2@mail.com;Sandy2;Sandy;Arendelle;508-6046;Metropolis;Pine St. 690
U000000331;simba6@mail.com;Simba6;Simba;KungFu;686-5892;Radiator Springs;Main St. 476
U000000332;barney9@mail.com;Barney9;Barney;Parker;942-8669;Hill Valley;Magnolia Way 878
U000000333;lisa0@mail.com;Lisa0;Lisa;Lightyear;254-9514;Metropolis;Riverside Dr. 649
U000000334;viper9@mail.com;Viper9;Viper;Sheriff;509-4695;Sunnydale;Riverside Dr. 285
U000000335;viper1@mail.com;Viper1;Viper;Van Houten;998-2405;Hill Valley;Sunset Blvd. 969
U000000336;maui2@mail.com;Maui2;Maui;Parker;967-2569;Radiator Springs;Maple St. 785
U000000337;clark8@mail.com;Clark8;Clark;Dash;157-5650;Halloween Town;Main St. 56
U000000338;bart2@mail.com;Bart2;Bart;Hawthorne;604-1518;Berk;Broadway 584
U000000339;lois6@mail.com;Lois6;Lois;Sven;705-5552;Zootopia;Pine St. 258
U000000340;barney2@mail.com;Barney2;Barney;Rider;705-4245;Pandora;1st Ave. 92
U000000341;olaf8@mail.com;Olaf8;Olaf;Sven;426-6746;Gotham;1st Ave. 554
U000000342;maui5@mail.com;Maui5;Maui;Simpson;214-7855;Radiator Springs;4rd Ave. 742
U000000343;dante6@mail.com;Dante6;Dante;Incredible;652-8520;Pandora;Broadway 856
U000000344;miguel4@mail.com;Miguel4;Miguel;Simpson;852-4228;Arendelle;Washington Blvd. 651
U000000345;bart0@mail.com;Bart0;Bart;Sandman;425-2817;Radiator Springs;Elm St. 120
U000000346;homer6@mail.com;Homer6;Homer;Simpson;170-5842;Sunnydale;Oak St. 559
U000000347;kristo9@mail.com;Kristo9;Kristo;Szyslak;912-7275;Hill Valley;Park Place 865
U000000348;olaf1@mail.com;Olaf1;Olaf;Wayne;479-4855;Springfield;Park Place 468
U000000349;donkey1@mail.com;Donkey1;Donkey;Rider;505-1209;Pandora;Main St. 695
U000000350;fiona2@mail.com;Fiona2;Fiona;Flanders;655-1057;Sherwood;4rd Ave. 890
U000000351;viper5@mail.com;Viper5;Viper;Flanders;594-2756;Berk;Magnolia Way 859
U000000352;simba2@mail.com;Simba2;Simba;Sheriff;252-7081;Seaside;Maple St. 190
U000000353;steve8@mail.com;Steve8;Steve;Lane;762-1675;Metropolis;Oak St. 10
U000000354;hiccup6@mail.com;Hiccup6;Hiccup;Romanoff;901-6087;Radiator Springs;Elm St. 584
U000000355;jack6@mail.com;Jack6;Jack;Lightyear;271-7550;Halloween Town;Sunset Blvd. 195
U000000356;scar2@mail.com;Scar2;Scar;Incredible;425-2685;Arendelle;Washington Blvd. 621
U000000357;simba5@mail.com;Simba5;Simba;Prince;257-9854;Seaside;Elm St. 558
U000000358;tony8@mail.com;Tony8;Tony;Pumbaa;872-8791;Berk;2nd Ave. 54
U000000359;buzz5@mail.com;Buzz5;Buzz;Stark;404-5570;Metropolis;Magnolia Way 842
U000000360;walter5@mail.com;Walter5;Walter;Sandman;587-5275;Pandora;Magnolia Way 456
U000000361;scar6@mail.com;Scar6;Scar;Szyslak;472-9725;Springfield;Main St. 400
U000000362;luca6@mail.com;Luca6;Luca;Romanoff;517-7740;Atlantis;Main St. 694
U000000363;moe1@mail.com;Moe1;Moe;Romanoff;855-7420;San Fransokyo;Magnolia Way 57
U000000364;merida0@mail.com;Merida0;Merida;Stormfly;742-1785;Halloween Town;1st Ave. 595
U000000365;kristo7@mail.com;Kristo7;Kristo;Van Houten;742-6170;Berk;2nd Ave. 586
U000000366;kristo9@mail.com;Kristo9;Kristo;Sandman;150-7429;Radiator Springs;Magnolia Way 685
U000000367;barney1@mail.com;Barney1;Barney;KungFu;499-4509;Radiator Springs;1st Ave. 28
U000000368;harry5@mail.com;Harry5;Harry;Rider;881-6585;Halloween Town;Elm St. 466
U000000369;fiona9@mail.com;Fiona9;Fiona;Sheriff;854-6470;San Fransokyo;Magnolia Way 49
U000000370;tigress5@mail.com;Tigress5;Tigress;Incredible;772-2505;San Fransokyo;Sunset Blvd. 515
U000000371;diana6@mail.com;Diana6;Diana;Romanoff;559-2179;Emerald City;1st Ave. 812
U000000372;moe5@mail.com;Moe5;Moe;Rider;545-8191;Sunnydale;Park Place 699
U000000373;selina7@mail.com;Selina7;Selina;Szyslak;428-5526;Arendelle;Pine St. 668
U000000374;sandy2@mail.com;Sandy2;Sandy;Arendelle;508-6046;Metropolis;Pine St. 690
U000000375;simba6@mail.com;Simba6;Simba;KungFu;686-5892;Radiator Springs;Main St. 476
U000000376;barney9@mail.com;Barney9;Barney;Parker;942-8669;Hill Valley;Magnolia Way 878
U000000377;lisa0@mail.com;Lisa0;Lisa;Lightyear;254-9514;Metropolis;Riverside Dr. 649
U000000378;viper9@mail.com;Viper9;Viper;Sheriff;509-4695;Sunnydale;Riverside Dr. 285
U000000379;viper1@mail.com;Viper1;Viper;Van Houten;998-2405;Hill Valley;Sunset Blvd. 969
U000000380;maui2@mail.com;Maui2;Maui;Parker;967-2569;Radiator Springs;Maple St. 785
U000000381;clark8@mail.com;Clark8;Clark;Dash;157-5650;Halloween Town;Main St. 56
U000000382;bart2@mail.com;Bart2;Bart;Hawthorne;604-1518;Berk;Broadway 584
U000000383;lois6@mail.com;Lois6;Lois;Sven;705-5552;Zootopia;Pine St. 258
U000000384;barney2@mail.com;Barney2;Barney;Rider;705-4245;Pandora;1st Ave. 92
U000000385;olaf8@mail.com;Olaf8;Olaf;Sven;426-6746;Gotham;1st Ave. 554
U000000386;maui5@mail.com;Maui5;Maui;Simpson;214-7855;Radiator Springs;4rd Ave. 842
U000000387;dante6@mail.com;Dante6;Dante;Incredible;652-8520;Pandora;Broadway 856
U000000388;miguel4@mail.com;Miguel4;Miguel;Simpson;852-4228;Arendelle;Washington Blvd. 651
U000000389;bart0@mail.com;Bart0;Bart;Sandman;425-2817;Radiator Springs;Elm St. 120
U000000390;homer6@mail.com;Homer6;Homer;Simpson;170-5842;Sunnydale;Oak St. 559
U000000391;kristo9@mail.com;Kristo9;Kristo;Szyslak;912-7275;Hill Valley;Park Place 865
U000000392;olaf1@mail.com;Olaf1;Olaf;Wayne;479-4855;Springfield;Park Place 468
U000000393;donkey1@mail.com;Donkey1;Donkey;Rider;505-1209;Pandora;Main St. 695
U000000394;fiona2@mail.com;Fiona2;Fiona;Flanders;655-1057;Sherwood;4rd Ave. 890
U000000395;viper5@mail.com;Viper5;Viper;Flanders;594-2756;Berk;Magnolia Way 859
U000000396;simba2@mail.com;Simba2;Simba;Sheriff;252-7081;Seaside;Maple St. 190
U000000397;steve8@mail.com;Steve8;Steve;Lane;762-1675;Metropolis;Oak St. 10
U000000398;hiccup6@mail.com;Hiccup6;Hiccup;Romanoff;901-6087;Radiator Springs;Elm St. 584
U000000399;jack6@mail.com;Jack6;Jack;Lightyear;271-7550;Halloween Town;Sunset Blvd. 195
U000000400;scar2@mail.com;Scar2;Scar;Incredible;425-2685;Arendelle;Washington Blvd. 621
U000000401;simba5@mail.com;Simba5;Simba;Prince;257-9854;Seaside;Elm St. 558
U000000402;tony8@mail.com;Tony8;Tony;Pumbaa;872-8791;Berk;2nd Ave. 54
U000000403;buzz5@mail.com;Buzz5;Buzz;Stark;404-5570;Metropolis;Magnolia Way 842
U000000404;walter5@mail.com;Walter5;Walter;Sandman;587-5275;Pandora;Magnolia Way 456
U000000405;scar6@mail.com;Scar6;Scar;Szyslak;472-9725;Springfield;Main St. 400
U000000406;luca6@mail.com;Luca6;Luca;Romanoff;517-7740;Atlantis;Main St. 694
U000000407;moe1@mail.com;Moe1;Moe;Romanoff;855-8420;San Fransokyo;Magnolia Way 57
U000000408;merida0@mail.com;Merida0;Merida;Stormfly;842-1785;Halloween Town;1st Ave. 595
U000000409;kristo7@mail.com;Kristo7;Kristo;Van Houten;842-6170;Berk;2nd Ave. 586
U000000410;kristo9@mail.com;Kristo9;Kristo;Sandman;150-8429;Radiator Springs;Magnolia Way 685
U000000411;barney1@mail.com;Barney1;Barney;KungFu;499-4509;Radiator Springs;1st Ave. 28
U000000412;harry5@mail.com;Harry5;Harry;Rider;881-6585;Halloween Town;Elm St. 466
U000000413;fiona9@mail.com;Fiona9;Fiona;Sheriff;854-6470;San Fransokyo;Magnolia Way 49
U000000414;tigress5@mail.com;Tigress5;Tigress;Incredible;772-2505;San Fransokyo;Sunset Blvd. 515
U000000415;diana6@mail.com;Diana6;Diana;Romanoff;559-2179;Emerald City;1st Ave. 812
U000000416;moe5@mail.com;Moe5;Moe;Rider;545-8191;Sunnydale;Park Place 699
U000000417;selina7@mail.com;Selina7;Selina;Szyslak;428-5526;Arendelle;Pine St. 668
U000000418;sandy2@mail.com;Sandy2;Sandy;Arendelle;508-6046;Metropolis;Pine St. 690
U000000419;simba6@mail.com;Simba6;Simba;KungFu;686-5892;Radiator Springs;Main St. 476
U000000420;barney9@mail.com;Barney9;Barney;Parker;942-8669;Hill Valley;Magnolia Way 878
U000000421;lisa0@mail.com;Lisa0;Lisa;Lightyear;254-9514;Metropolis;Riverside Dr. 649
U000000422;viper9@mail.com;Viper9;Viper;Sheriff;509-4695;Sunnydale;Riverside Dr. 285
U000000423;viper1@mail.com;Viper1;Viper;Van Houten;998-2405;Hill Valley;Sunset Blvd. 969
U000000424;maui2@mail.com;Maui2;Maui;Parker;967-2569;Radiator Springs;Maple St. 785
U000000425;clark8@mail.com;Clark8;Clark;Dash;157-5650;Halloween Town;Main St. 56
U000000426;bart2@mail.com;Bart2;Bart;Hawthorne;604-1518;Berk;Broadway 584
U000000427;lois6@mail.com;Lois6;Lois;Sven;705-5552;Zootopia;Pine St. 258
U000000428;barney2@mail.com;Barney2;Barney;Rider;705-4245;Pandora;1st Ave. 92
U000000429;olaf8@mail.com;Olaf8;Olaf;Sven;426-6746;Gotham;1st Ave. 554
U000000430;maui5@mail.com;Maui5;Maui;Simpson;214-7855;Radiator Springs;4rd Ave. 942
U000000431;dante6@mail.com;Dante6;Dante;Incredible;652-8520;Pandora;Broadway 856
U000000432;miguel4@mail.com;Miguel4;Miguel;Simpson;852-4228;Arendelle;Washington Blvd. 651
U000000433;bart0@mail.com;Bart0;Bart;Sandman;425-2817;Radiator Springs;Elm St. 120
U000000434;homer6@mail.com;Homer6;Homer;Simpson;170-5942;Sunnydale;Oak St. 559
U000000435;kristo9@mail.com;Kristo9;Kristo;Szyslak;912-7275;Hill Valley;Park Place 865
U000000436;olaf1@mail.com;Olaf1;Olaf;Wayne;479-4855;Springfield;Park Place 468
U000000437;donkey1@mail.com;Donkey1;Donkey;Rider;505-1209;Pandora;Main St. 695
U000000438;fiona2@mail.com;Fiona2;Fiona;Flanders;655-1057;Sherwood;4rd Ave. 890
U000000439;viper5@mail.com;Viper5;Viper;Flanders;594-2756;Berk;Magnolia Way 859
U000000440;simba2@mail.com;Simba2;Simba;Sheriff;252-7081;Seaside;Maple St. 190
U000000441;steve8@mail.com;Steve8;Steve;Lane;762-1675;Metropolis;Oak St. 10
U000000442;hiccup6@mail.com;Hiccup6;Hiccup;Romanoff;901-6087;Radiator Springs;Elm St. 584
U000000443;jack6@mail.com;Jack6;Jack;Lightyear;271-7550;Halloween Town;Sunset Blvd. 195
U000000444;scar2@mail.com;Scar2;Scar;Incredible;425-2685;Arendelle;Washington Blvd. 621
U000000445;simba5@mail.com;Simba5;Simba;Prince;257-9854;Seaside;Elm St. 558
U000000446;tony8@mail.com;Tony8;Tony;Pumbaa;872-8791;Berk;2nd Ave. 54
U000000447;buzz5@mail.com;Buzz5;Buzz;Stark;404-5570;Metropolis;Magnolia Way 942
U000000448;walter5@mail.com;Walter5;Walter;Sandman;587-5275;Pandora;Magnolia Way 456
U000000449;scar6@mail.com;Scar6;Scar;Szyslak;472-9725;Springfield;Main St. 400
U000000450;luca6@mail.com;Luca6;Luca;Romanoff;517-7740;Atlantis;Main St. 694
U000000451;moe1@mail.com;Moe1;Moe;Romanoff;855-9420;San Fransokyo;Magnolia Way 57
U000000452;merida0@mail.com;Merida0;Merida;Stormfly;942-1785;Halloween Town;1st Ave. 595
U000000453;kristo7@mail.com;Kristo7;Kristo;Van Houten;942-6170;Berk;2nd Ave. 586
U000000454;kristo9@mail.com;Kristo9;Kristo;Sandman;150-9429;Radiator Springs;Magnolia Way 685
U000000455;harry5@mail.com;Harry5;Harry;Rider;881-6585;Halloween Town;Elm St. 466
U000000456;fiona9@mail.com;Fiona9;Fiona;Sheriff;854-6470;San Fransokyo;Magnolia Way 49
U000000457;tigress5@mail.com;Tigress5;Tigress;Incredible;772-2505;San Fransokyo;Sunset Blvd. 515
U000000458;diana6@mail.com;Diana6;Diana;Romanoff;559-2179;Emerald City;1st Ave. 812
U000000459;moe5@mail.com;Moe5;Moe;Rider;545-8191;Sunnydale;Park Place 699
U000000460;selina7@mail.com;Selina7;Selina;Szyslak;428-5526;Arendelle;Pine St. 668
U000000461;sandy2@mail.com;Sandy2;Sandy;Arendelle;508-6046;Metropolis;Pine St. 690
U000000462;simba6@mail.com;Simba6;Simba;KungFu;686-5892;Radiator Springs;Main St. 476
U000000463;barney9@mail.com;Barney9;Barney;Parker;942-8669;Hill Valley;Magnolia Way 878
U000000464;lisa0@mail.com;Lisa0;Lisa;Lightyear;254-9514;Metropolis;Riverside Dr. 649
U000000465;viper9@mail.com;Viper9;Viper;Sheriff;509-4695;Sunnydale;Riverside Dr. 285
U000000466;viper1@mail.com;Viper1;Viper;Van Houten;998-2405;Hill Valley;Sunset Blvd. 969
U000000467;maui2@mail.com;Maui2;Maui;Parker;967-2569;Radiator Springs;Maple St. 785
U000000468;ernesto6@mail.com;Ernesto6;Ernesto;Stark;846-4256;Springfield;Park Place 547
U000000469;clark8@mail.com;Clark8;Clark;Dash;157-5650;Halloween Town;Main St. 56
U000000470;ernesto9@mail.com;Ernesto9;Ernesto;Arendelle;791-8025;Sherwood;Main St. 662
U000000471;bart2@mail.com;Bart2;Bart;Hawthorne;604-1518;Berk;Broadway 584
U000000472;lois6@mail.com;Lois6;Lois;Sven;705-5552;Zootopia;Pine St. 258
U000000473;barney2@mail.com;Barney2;Barney;Rider;705-4245;Pandora;1st Ave. 92
U000000474;olaf8@mail.com;Olaf8;Olaf;Sven;426-6746;Gotham;1st Ave. 554
U000000475;maui5@mail.com;Maui5;Maui;Simpson;214-7855;Radiator Springs;4rd Ave. 642
U000000476;dante6@mail.com;Dante6;Dante;Incredible;652-8520;Pandora;Broadway 856
U000000477;miguel4@mail.com;Miguel4;Miguel;Simpson;852-4228;Arendelle;Washington Blvd. 651
U000000478;bart0@mail.com;Bart0;Bart;Sandman;425-2817;Radiator Springs;Elm St. 120
U000000479;homer6@mail.com;Homer6;Homer;Simpson;170-5842;Sunnydale;Oak St. 559
U000000480;kristo9@mail.com;Kristo9;Kristo;Szyslak;912-7275;Hill Valley;Park Place 865
U000000481;olaf1@mail.com;Olaf1;Olaf;Wayne;479-4855;Springfield;Park Place 468
U000000482;donkey1@mail.com;Donkey1;Donkey;Rider;505-1209;Pandora;Main St. 695
U000000483;fiona2@mail.com;Fiona2;Fiona;Flanders;655-1057;Sherwood;4rd Ave. 890
U000000484;toothles5@mail.com;Toothles5;Toothless;Dash;145-1517;Halloween Town;Cedar Ln. 995
U000000485;viper5@mail.com;Viper5;Viper;Flanders;594-2756;Berk;Magnolia Way 859
U000000486;natasha1@mail.com;Natasha1;Natasha;Gumble;452-4258;Metropolis;2nd Ave. 900
U000000487;simba2@mail.com;Simba2;Simba;Sheriff;252-7081;Seaside;Maple St. 190
U000000488;steve8@mail.com;Steve8;Steve;Lane;762-1675;Metropolis;Oak St. 10
U000000489;hiccup6@mail.com;Hiccup6;Hiccup;Romanoff;901-6087;Radiator Springs;Elm St. 584
U000000490;jack6@mail.com;Jack6;Jack;Lightyear;271-7550;Halloween Town;Sunset Blvd. 195
U000000491;scar2@mail.com;Scar2;Scar;Incredible;425-2685;Arendelle;Washington Blvd. 621
U000000492;simba5@mail.com;Simba5;Simba;Prince;257-9854;Seaside;Elm St. 558
U000000493;tony8@mail.com;Tony8;Tony;Pumbaa;872-8791;Berk;2nd Ave. 54
U000000494;buzz5@mail.com;Buzz5;Buzz;Stark;404-5570;Metropolis;Magnolia Way 842
U000000495;walter5@mail.com;Walter5;Walter;Sandman;587-5275;Pandora;Magnolia Way 456
U000000496;scar6@mail.com;Scar6;Scar;Szyslak;472-9725;Springfield;Main St. 400
U000000497;luca6@mail.com;Luca6;Luca;Romanoff;517-7740;Atlantis;Main St. 694
U000000498;moe1@mail.com;Moe1;Moe;Romanoff;855-5420;San Fransokyo;Magnolia Way 57
U000000499;merida0@mail.com;Merida0;Merida;Stormfly;642-1785;Halloween Town;1st Ave. 595
U000000500;kristo7@mail.com;Kristo7;Kristo;Van Houten;542-6170;Berk;2nd Ave. 586
U000000501;kristo9@mail.com;Kristo9;Kristo;Sandman;150-7429;Radiator Springs;Magnolia Way 685
U000000502;barney1@mail.com;Barney1;Barney;KungFu;499-4509;Radiator Springs;1st Ave. 28
U000000503;harry5@mail.com;Harry5;Harry;Rider;881-6585;Halloween Town;Elm St. 466
U000000504;fiona9@mail.com;Fiona9;Fiona;Sheriff;854-6470;San Fransokyo;Magnolia Way 49
U000000505;tigress5@mail.com;Tigress5;Tigress;Incredible;772-2505;San Fransokyo;Sunset Blvd. 515
U000000506;diana6@mail.com;Diana6;Diana;Romanoff;559-2179;Emerald City;1st Ave. 812
U000000507;moe5@mail.com;Moe5;Moe;Rider;545-8191;Sunnydale;Park Place 699
U000000508;selina7@mail.com;Selina7;Selina;Szyslak;428-5526;Arendelle;Pine St. 668
U000000509;sandy2@mail.com;Sandy2;Sandy;Arendelle;508-6046;Metropolis;Pine St. 690
U000000510;simba6@mail.com;Simba6;Simba;KungFu;686-5892;Radiator Springs;Main St. 476
U000000511;barney9@mail.com;Barney9;Barney;Parker;942-8669;Hill Valley;Magnolia Way 878
U000000512;lisa0@mail.com;Lisa0;Lisa;Lightyear;254-9514;Metropolis;Riverside Dr. 649
U000000513;viper9@mail.com;Viper9;Viper;Sheriff;509-4695;Sunnydale;Riverside Dr. 285
U000000514;viper1@mail.com;Viper1;Viper;Van Houten;998-2405;Hill Valley;Sunset Blvd. 969
U000000515;maui2@mail.com;Maui2;Maui;Parker;967-2569;Radiator Springs;Maple St. 785
U000000516;clark8@mail.com;Clark8;Clark;Dash;157-5650;Halloween Town;Main St. 56
U000000517;bart2@mail.com;Bart2;Bart;Hawthorne;604-1518;Berk;Broadway 584
U000000518;lois6@mail.com;Lois6;Lois;Sven;705-5552;Zootopia;Pine St. 258
U000000519;barney2@mail.com;Barney2;Barney;Rider;705-4245;Pandora;1st Ave. 92
U000000520;olaf8@mail.com;Olaf8;Olaf;Sven;426-6746;Gotham;1st Ave. 554
U000000521;maui5@mail.com;Maui5;Maui;Simpson;214-7855;Radiator Springs;4rd Ave. 642
U000000522;dante6@mail.com;Dante6;Dante;Incredible;652-8520;Pandora;Broadway 856
U000000523;miguel4@mail.com;Miguel4;Miguel;Simpson;852-4228;Arendelle;Washington Blvd. 651
U000000524;bart0@mail.com;Bart0;Bart;Sandman;425-2817;Radiator Springs;Elm St. 120
U000000525;homer6@mail.com;Homer6;Homer;Simpson;170-5842;Sunnydale;Oak St. 559
U000000526;kristo9@mail.com;Kristo9;Kristo;Szyslak;912-7275;Hill Valley;Park Place 865
U000000527;olaf1@mail.com;Olaf1;Olaf;Wayne;479-4855;Springfield;Park Place 468
U000000528;donkey1@mail.com;Donkey1;Donkey;Rider;505-1209;Pandora;Main St. 695
U000000529;fiona2@mail.com;Fiona2;Fiona;Flanders;655-1057;Sherwood;4rd Ave. 890
U000000530;viper5@mail.com;Viper5;Viper;Flanders;594-2756;Berk;Magnolia Way 859
U000000531;simba2@mail.com;Simba2;Simba;Sheriff;252-7081;Seaside;Maple St. 190
U000000532;steve8@mail.com;Steve8;Steve;Lane;762-1675;Metropolis;Oak St. 10
U000000533;hiccup6@mail.com;Hiccup6;Hiccup;Romanoff;901-6087;Radiator Springs;Elm St. 584
U000000534;jack6@mail.com;Jack6;Jack;Lightyear;271-7550;Halloween Town;Sunset Blvd. 195
U000000535;scar2@mail.com;Scar2;Scar;Incredible;425-2685;Arendelle;Washington Blvd. 621
U000000536;simba5@mail.com;Simba5;Simba;Prince;257-9854;Seaside;Elm St. 558
U000000537;tony8@mail.com;Tony8;Tony;Pumbaa;872-8791;Berk;2nd Ave. 54
U000000538;buzz5@mail.com;Buzz5;Buzz;Stark;404-5570;Metropolis;Magnolia Way 842
U000000539;walter5@mail.com;Walter5;Walter;Sandman;587-5275;Pandora;Magnolia Way 456
U000000540;scar6@mail.com;Scar6;Scar;Szyslak;472-9725;Springfield;Main St. 400
U000000541;luca6@mail.com;Luca6;Luca;Romanoff;517-7740;Atlantis;Main St. 694
U000000542;moe1@mail.com;Moe1;Moe;Romanoff;855-5420;San Fransokyo;Magnolia Way 57
U000000543;merida0@mail.com;Merida0;Merida;Stormfly;642-1785;Halloween Town;1st Ave. 595
U000000544;kristo7@mail.com;Kristo7;Kristo;Van Houten;542-6170;Berk;2nd Ave. 586
U000000545;kristo9@mail.com;Kristo9;Kristo;Sandman;150-7429;Radiator Springs;Magnolia Way 685
U000000546;barney1@mail.com;Barney1;Barney;KungFu;499-4509;Radiator Springs;1st Ave. 28
U000000547;harry5@mail.com;Harry5;Harry;Rider;881-6585;Halloween Town;Elm St. 466
U000000548;fiona9@mail.com;Fiona9;Fiona;Sheriff;854-6470;San Fransokyo;Magnolia Way 49
U000000549;tigress5@mail.com;Tigress5;Tigress;Incredible;772-2505;San Fransokyo;Sunset Blvd. 515
U000000550;diana6@mail.com;Diana6;Diana;Romanoff;559-2179;Emerald City;1st Ave. 812
U000000551;moe5@mail.com;Moe5;Moe;Rider;545-8191;Sunnydale;Park Place 699
U000000552;selina7@mail.com;Selina7;Selina;Szyslak;428-5526;Arendelle;Pine St. 668
U000000553;sandy2@mail.com;Sandy2;Sandy;Arendelle;508-6046;Metropolis;Pine St. 690
U000000554;simba6@mail.com;Simba6;Simba;KungFu;686-5892;Radiator Springs;Main St. 476
U000000555;barney9@mail.com;Barney9;Barney;Parker;942-8669;Hill Valley;Magnolia Way 878
U000000556;lisa0@mail.com;Lisa0;Lisa;Lightyear;254-9514;Metropolis;Riverside Dr. 649
U000000557;viper9@mail.com;Viper9;Viper;Sheriff;509-4695;Sunnydale;Riverside Dr. 285
U000000558;viper1@mail.com;Viper1;Viper;Van Houten;998-2405;Hill Valley;Sunset Blvd. 969
U000000559;maui2@mail.com;Maui2;Maui;Parker;967-2569;Radiator Springs;Maple St. 785
U000000560;clark8@mail.com;Clark8;Clark;Dash;157-5650;Halloween Town;Main St. 56
U000000561;bart2@mail.com;Bart2;Bart;Hawthorne;604-1518;Berk;Broadway 584
U000000562;lois6@mail.com;Lois6;Lois;Sven;705-5552;Zootopia;Pine St. 258
U000000563;barney2@mail.com;Barney2;Barney;Rider;705-4245;Pandora;1st Ave. 92
U000000564;olaf8@mail.com;Olaf8;Olaf;Sven;426-6746;Gotham;1st Ave. 554
U000000565;maui5@mail.com;Maui5;Maui;Simpson;214-7855;Radiator Springs;4rd Ave. 642
U000000566;dante6@mail.com;Dante6;Dante;Incredible;652-8520;Pandora;Broadway 856
U000000567;miguel4@mail.com;Miguel4;Miguel;Simpson;852-4228;Arendelle;Washington Blvd. 651
U000000568;bart0@mail.com;Bart0;Bart;Sandman;425-2817;Radiator Springs;Elm St. 120
U000000569;homer6@mail.com;Homer6;Homer;Simpson;170-5842;Sunnydale;Oak St. 559
U000000570;kristo9@mail.com;Kristo9;Kristo;Szyslak;912-7275;Hill Valley;Park Place 865
U000000571;olaf1@mail.com;Olaf1;Olaf;Wayne;479-4855;Springfield;Park Place 468
U000000572;donkey1@mail.com;Donkey1;Donkey;Rider;505-1209;Pandora;Main St. 695
U000000573;fiona2@mail.com;Fiona2;Fiona;Flanders;655-1057;Sherwood;4rd Ave. 890
U000000574;viper5@mail.com;Viper5;Viper;Flanders;594-2756;Berk;Magnolia Way 859
U000000575;simba2@mail.com;Simba2;Simba;Sheriff;252-7081;Seaside;Maple St. 190
U000000576;steve8@mail.com;Steve8;Steve;Lane;762-1675;Metropolis;Oak St. 10
U000000577;hiccup6@mail.com;Hiccup6;Hiccup;Romanoff;901-6087;Radiator Springs;Elm St. 584
U000000578;jack6@mail.com;Jack6;Jack;Lightyear;271-7550;Halloween Town;Sunset Blvd. 195
U000000579;scar2@mail.com;Scar2;Scar;Incredible;425-2685;Arendelle;Washington Blvd. 621
U000000580;simba5@mail.com;Simba5;Simba;Prince;257-9854;Seaside;Elm St. 558
U000000581;tony8@mail.com;Tony8;Tony;Pumbaa;872-8791;Berk;2nd Ave. 54
U000000582;buzz5@mail.com;Buzz5;Buzz;Stark;404-5570;Metropolis;Magnolia Way 842
U000000583;walter5@mail.com;Walter5;Walter;Sandman;587-5275;Pandora;Magnolia Way 456
U000000584;scar6@mail.com;Scar6;Scar;Szyslak;472-9725;Springfield;Main St. 400
U000000585;luca6@mail.com;Luca6;Luca;Romanoff;517-7740;Atlantis;Main St. 694
U000000586;moe1@mail.com;Moe1;Moe;Romanoff;855-5420;San Fransokyo;Magnolia Way 57
U000000587;merida0@mail.com;Merida0;Merida;Stormfly;642-1785;Halloween Town;1st Ave. 595
U000000588;kristo7@mail.com;Kristo7;Kristo;Van Houten;542-6170;Berk;2nd Ave. 586
U000000589;kristo9@mail.com;Kristo9;Kristo;Sandman;150-7429;Radiator Springs;Magnolia Way 685
U000000590;barney1@mail.com;Barney1;Barney;KungFu;499-4509;Radiator Springs;1st Ave. 28
U000000591;harry5@mail.com;Harry5;Harry;Rider;881-6585;Halloween Town;Elm St. 466
U000000592;fiona9@mail.com;Fiona9;Fiona;Sheriff;854-6470;San Fransokyo;Magnolia Way 49
U000000593;tigress5@mail.com;Tigress5;Tigress;Incredible;772-2505;San Fransokyo;Sunset Blvd. 515
U000000594;diana6@mail.com;Diana6;Diana;Romanoff;559-2179;Emerald City;1st Ave. 812
U000000595;moe5@mail.com;Moe5;Moe;Rider;545-8191;Sunnydale;Park Place 699
U000000596;selina7@mail.com;Selina7;Selina;Szyslak;428-5526;Arendelle;Pine St. 668
U000000597;sandy2@mail.com;Sandy2;Sandy;Arendelle;508-6046;Metropolis;Pine St. 690
U000000598;simba6@mail.com;Simba6;Simba;KungFu;686-5892;Radiator Springs;Main St. 476
U000000599;barney9@mail.com;Barney9;Barney;Parker;942-8669;Hill Valley;Magnolia Way 878
U000000600;lisa0@mail.com;Lisa0;Lisa;Lightyear;254-9514;Metropolis;Riverside Dr. 649
U000000601;viper9@mail.com;Viper9;Viper;Sheriff;509-4695;Sunnydale;Riverside Dr. 285
U000000602;viper1@mail.com;Viper1;Viper;Van Houten;998-2405;Hill Valley;Sunset Blvd. 969
U000000603;maui2@mail.com;Maui2;Maui;Parker;967-2569;Radiator Springs;Maple St. 785
U000000604;clark8@mail.com;Clark8;Clark;Dash;157-5650;Halloween Town;Main St. 56
U000000605;bart2@mail.com;Bart2;Bart;Hawthorne;604-1518;Berk;Broadway 584
U000000606;lois6@mail.com;Lois6;Lois;Sven;705-5552;Zootopia;Pine St. 258
U000000607;barney2@mail.com;Barney2;Barney;Rider;705-4245;Pandora;1st Ave. 92
U000000608;olaf8@mail.com;Olaf8;Olaf;Sven;426-6746;Gotham;1st Ave. 554
U000000609;maui5@mail.com;Maui5;Maui;Simpson;214-7855;Radiator Springs;4rd Ave. 642
U000000610;dante6@mail.com;Dante6;Dante;Incredible;652-8520;Pandora;Broadway 856
U000000611;miguel4@mail.com;Miguel4;Miguel;Simpson;852-4228;Arendelle;Washington Blvd. 651
U000000612;bart0@mail.com;Bart0;Bart;Sandman;425-2817;Radiator Springs;Elm St. 120
U000000613;homer6@mail.com;Homer6;Homer;Simpson;170-5842;Sunnydale;Oak St. 559
U000000614;kristo9@mail.com;Kristo9;Kristo;Szyslak;912-7275;Hill Valley;Park Place 865
U000000615;olaf1@mail.com;Olaf1;Olaf;Wayne;479-4855;Springfield;Park Place 468
U000000616;donkey1@mail.com;Donkey1;Donkey;Rider;505-1209;Pandora;Main St. 695
U000000617;fiona2@mail.com;Fiona2;Fiona;Flanders;655-1057;Sherwood;4rd Ave. 890
U000000618;viper5@mail.com;Viper5;Viper;Flanders;594-2756;Berk;Magnolia Way 859
U000000619;simba2@mail.com;Simba2;Simba;Sheriff;252-7081;Seaside;Maple St. 190
U000000620;steve8@mail.com;Steve8;Steve;Lane;762-1675;Metropolis;Oak St. 10
U000000621;hiccup6@mail.com;Hiccup6;Hiccup;Romanoff;901-6087;Radiator Springs;Elm St. 584
U000000622;jack6@mail.com;Jack6;Jack;Lightyear;271-7550;Halloween Town;Sunset Blvd. 195
U000000623;scar2@mail.com;Scar2;Scar;Incredible;425-2685;Arendelle;Washington Blvd. 621
U000000624;simba5@mail.com;Simba5;Simba;Prince;257-9854;Seaside;Elm St. 558
U000000625;tony8@mail.com;Tony8;Tony;Pumbaa;872-8791;Berk;2nd Ave. 54
U000000626;buzz5@mail.com;Buzz5;Buzz;Stark;404-5570;Metropolis;Magnolia Way 842
U000000627;walter5@mail.com;Walter5;Walter;Sandman;587-5275;Pandora;Magnolia Way 456
U000000628;scar6@mail.com;Scar6;Scar;Szyslak;472-9725;Springfield;Main St. 400
U000000629;luca6@mail.com;Luca6;Luca;Romanoff;517-7740;Atlantis;Main St. 694
U000000630;moe1@mail.com;Moe1;Moe;Romanoff;855-5420;San Fransokyo;Magnolia Way 57
U000000631;merida0@mail.com;Merida0;Merida;Stormfly;642-1785;Halloween Town;1st Ave. 595
U000000632;kristo7@mail.com;Kristo7;Kristo;Van Houten;542-6170;Berk;2nd Ave. 586
U000000633;kristo9@mail.com;Kristo9;Kristo;Sandman;150-7429;Radiator Springs;Magnolia Way 685
U000000634;barney1@mail.com;Barney1;Barney;KungFu;499-4509;Radiator Springs;1st Ave. 28
U000000635;harry5@mail.com;Harry5;Harry;Rider;881-6585;Halloween Town;Elm St. 466
U000000636;fiona9@mail.com;Fiona9;Fiona;Sheriff;854-6470;San Fransokyo;Magnolia Way 49
U000000637;tigress5@mail.com;Tigress5;Tigress;Incredible;772-2505;San Fransokyo;Sunset Blvd. 515
U000000638;diana6@mail.com;Diana6;Diana;Romanoff;559-2179;Emerald City;1st Ave. 812
U000000639;moe5@mail.com;Moe5;Moe;Rider;545-8191;Sunnydale;Park Place 699
U000000640;selina7@mail.com;Selina7;Selina;Szyslak;428-5526;Arendelle;Pine St. 668
U000000641;sandy2@mail.com;Sandy2;Sandy;Arendelle;508-6046;Metropolis;Pine St. 690
U000000642;simba6@mail.com;Simba6;Simba;KungFu;686-5892;Radiator Springs;Main St. 476
U000000643;barney9@mail.com;Barney9;Barney;Parker;942-8669;Hill Valley;Magnolia Way 878
U000000644;lisa0@mail.com;Lisa0;Lisa;Lightyear;254-9514;Metropolis;Riverside Dr. 649
U000000645;viper9@mail.com;Viper9;Viper;Sheriff;509-4695;Sunnydale;Riverside Dr. 285
U000000646;viper1@mail.com;Viper1;Viper;Van Houten;998-2405;Hill Valley;Sunset Blvd. 969
U000000647;maui2@mail.com;Maui2;Maui;Parker;967-2569;Radiator Springs;Maple St. 785
U000000648;clark8@mail.com;Clark8;Clark;Dash;157-5650;Halloween Town;Main St. 56
U000000649;bart2@mail.com;Bart2;Bart;Hawthorne;604-1518;Berk;Broadway 584
U000000650;lois6@mail.com;Lois6;Lois;Sven;705-5552;Zootopia;Pine St. 258
U000000651;barney2@mail.com;Barney2;Barney;Rider;705-4245;Pandora;1st Ave. 92
U000000652;olaf8@mail.com;Olaf8;Olaf;Sven;426-6746;Gotham;1st Ave. 554
U000000653;maui5@mail.com;Maui5;Maui;Simpson;214-7855;Radiator Springs;4rd Ave. 642
U000000654;dante6@mail.com;Dante6;Dante;Incredible;652-8520;Pandora;Broadway 856
U000000655;miguel4@mail.com;Miguel4;Miguel;Simpson;852-4228;Arendelle;Washington Blvd. 651
U000000656;bart0@mail.com;Bart0;Bart;Sandman;425-2817;Radiator Springs;Elm St. 120
U000000657;homer6@mail.com;Homer6;Homer;Simpson;170-5842;Sunnydale;Oak St. 559
U000000658;kristo9@mail.com;Kristo9;Kristo;Szyslak;912-7275;Hill Valley;Park Place 865
U000000659;olaf1@mail.com;Olaf1;Olaf;Wayne;479-4855;Springfield;Park Place 468
U000000660;donkey1@mail.com;Donkey1;Donkey;Rider;505-1209;Pandora;Main St. 695
U000000661;fiona2@mail.com;Fiona2;Fiona;Flanders;655-1057;Sherwood;4rd Ave. 890
U000000662;viper5@mail.com;Viper5;Viper;Flanders;594-2756;Berk;Magnolia Way 859
U000000663;simba2@mail.com;Simba2;Simba;Sheriff;252-7081;Seaside;Maple St. 190
U000000664;steve8@mail.com;Steve8;Steve;Lane;762-1675;Metropolis;Oak St. 10
U000000665;hiccup6@mail.com;Hiccup6;Hiccup;Romanoff;901-6087;Radiator Springs;Elm St. 584
U000000666;jack6@mail.com;Jack6;Jack;Lightyear;271-7550;Halloween Town;Sunset Blvd. 195
U000000667;scar2@mail.com;Scar2;Scar;Incredible;425-2685;Arendelle;Washington Blvd. 621
U000000668;simba5@mail.com;Simba5;Simba;Prince;257-9854;Seaside;Elm St. 558
U000000669;tony8@mail.com;Tony8;Tony;Pumbaa;872-8791;Berk;2nd Ave. 54
U000000670;buzz5@mail.com;Buzz5;Buzz;Stark;404-5570;Metropolis;Magnolia Way 842
U000000671;walter5@mail.com;Walter5;Walter;Sandman;587-5275;Pandora;Magnolia Way 456
U000000672;scar6@mail.com;Scar6;Scar;Szyslak;472-9725;Springfield;Main St. 400
U000000673;luca6@mail.com;Luca6;Luca;Romanoff;517-7740;Atlantis;Main St. 694
U000000674;moe1@mail.com;Moe1;Moe;Romanoff;855-5420;San Fransokyo;Magnolia Way 57
U000000675;merida0@mail.com;Merida0;Merida;Stormfly;642-1785;Halloween Town;1st Ave. 595
U000000676;kristo7@mail.com;Kristo7;Kristo;Van Houten;542-6170;Berk;2nd Ave. 586
U000000677;kristo9@mail.com;Kristo9;Kristo;Sandman;150-7429;Radiator Springs;Magnolia Way 685
U000000678;barney1@mail.com;Barney1;Barney;KungFu;499-4509;Radiator Springs;1st Ave. 28
U000000679;harry5@mail.com;Harry5;Harry;Rider;881-6585;Halloween Town;Elm St. 466
U000000680;fiona9@mail.com;Fiona9;Fiona;Sheriff;854-6470;San Fransokyo;Magnolia Way 49
U000000681;tigress5@mail.com;Tigress5;Tigress;Incredible;772-2505;San Fransokyo;Sunset Blvd. 515
U000000682;diana6@mail.com;Diana6;Diana;Romanoff;559-2179;Emerald City;1st Ave. 812
U000000683;moe5@mail.com;Moe5;Moe;Rider;545-8191;Sunnydale;Park Place 699
U000000684;selina7@mail.com;Selina7;Selina;Szyslak;428-5526;Arendelle;Pine St. 668
U000000685;sandy2@mail.com;Sandy2;Sandy;Arendelle;508-6046;Metropolis;Pine St. 690
U000000686;simba6@mail.com;Simba6;Simba;KungFu;686-5892;Radiator Springs;Main St. 476
U000000687;barney9@mail.com;Barney9;Barney;Parker;942-8669;Hill Valley;Magnolia Way 878
U000000688;lisa0@mail.com;Lisa0;Lisa;Lightyear;254-9514;Metropolis;Riverside Dr. 649
U000000689;viper9@mail.com;Viper9;Viper;Sheriff;509-4695;Sunnydale;Riverside Dr. 285
U000000690;viper1@mail.com;Viper1;Viper;Van Houten;998-2405;Hill Valley;Sunset Blvd. 969
U000000691;maui2@mail.com;Maui2;Maui;Parker;967-2569;Radiator Springs;Maple St. 785
U000000692;clark8@mail.com;Clark8;Clark;Dash;157-5650;Halloween Town;Main St. 56
U000000693;bart2@mail.com;Bart2;Bart;Hawthorne;604-1518;Berk;Broadway 584
U000000694;lois6@mail.com;Lois6;Lois;Sven;705-5552;Zootopia;Pine St. 258
U000000695;barney2@mail.com;Barney2;Barney;Rider;705-4245;Pandora;1st Ave. 92
U000000696;olaf8@mail.com;Olaf8;Olaf;Sven;426-6746;Gotham;1st Ave. 554
U000000697;maui5@mail.com;Maui5;Maui;Simpson;214-7855;Radiator Springs;4rd Ave. 642
U000000698;dante6@mail.com;Dante6;Dante;Incredible;652-8520;Pandora;Broadway 856
U000000699;miguel4@mail.com;Miguel4;Miguel;Simpson;852-4228;Arendelle;Washington Blvd. 651
U000000700;bart0@mail.com;Bart0;Bart;Sandman;425-2817;Radiator Springs;Elm St. 120
U000000701;homer6@mail.com;Homer6;Homer;Simpson;170-5842;Sunnydale;Oak St. 559
U000000702;kristo9@mail.com;Kristo9;Kristo;Szyslak;912-7275;Hill Valley;Park Place 865
U000000703;olaf1@mail.com;Olaf1;Olaf;Wayne;479-4855;Springfield;Park Place 468
U000000704;donkey1@mail.com;Donkey1;Donkey;Rider;505-1209;Pandora;Main St. 695
U000000705;fiona2@mail.com;Fiona2;Fiona;Flanders;655-1057;Sherwood;4rd Ave. 890
U000000706;viper5@mail.com;Viper5;Viper;Flanders;594-2756;Berk;Magnolia Way 859
U000000707;simba2@mail.com;Simba2;Simba;Sheriff;252-7081;Seaside;Maple St. 190
U000000708;steve8@mail.com;Steve8;Steve;Lane;762-1675;Metropolis;Oak St. 10
U000000709;hiccup6@mail.com;Hiccup6;Hiccup;Romanoff;901-6087;Radiator Springs;Elm St. 584
U000000710;jack6@mail.com;Jack6;Jack;Lightyear;271-7550;Halloween Town;Sunset Blvd. 195
U000000711;scar2@mail.com;Scar2;Scar;Incredible;425-2685;Arendelle;Washington Blvd. 621
U000000712;simba5@mail.com;Simba5;Simba;Prince;257-9854;Seaside;Elm St. 558
U000000713;tony8@mail.com;Tony8;Tony;Pumbaa;872-8791;Berk;2nd Ave. 54
U000000714;buzz5@mail.com;Buzz5;Buzz;Stark;404-5570;Metropolis;Magnolia Way 842
U000000715;walter5@mail.com;Walter5;Walter;Sandman;587-5275;Pandora;Magnolia Way 456
U000000716;scar6@mail.com;Scar6;Scar;Szyslak;472-9725;Springfield;Main St. 400
U000000717;luca6@mail.com;Luca6;Luca;Romanoff;517-7740;Atlantis;Main St. 694
U000000718;moe1@mail.com;Moe1;Moe;Romanoff;855-5420;San Fransokyo;Magnolia Way 57
U000000719;merida0@mail.com;Merida0;Merida;Stormfly;642-1785;Halloween Town;1st Ave. 595
U000000720;kristo7@mail.com;Kristo7;Kristo;Van Houten;542-6170;Berk;2nd Ave. 586
U000000721;kristo9@mail.com;Kristo9;Kristo;Sandman;150-7429;Radiator Springs;Magnolia Way 685
U000000722;barney1@mail.com;Barney1;Barney;KungFu;499-4509;Radiator Springs;1st Ave. 28
U000000723;harry5@mail.com;Harry5;Harry;Rider;881-6585;Halloween Town;Elm St. 466
U000000724;fiona9@mail.com;Fiona9;Fiona;Sheriff;854-6470;San Fransokyo;Magnolia Way 49
U000000725;tigress5@mail.com;Tigress5;Tigress;Incredible;772-2505;San Fransokyo;Sunset Blvd. 515
U000000726;diana6@mail.com;Diana6;Diana;Romanoff;559-2179;Emerald City;1st Ave. 812
U000000727;moe5@mail.com;Moe5;Moe;Rider;545-8191;Sunnydale;Park Place 699
U000000728;selina7@mail.com;Selina7;Selina;Szyslak;428-5526;Arendelle;Pine St. 668
U000000729;sandy2@mail.com;Sandy2;Sandy;Arendelle;508-6046;Metropolis;Pine St. 690
U000000730;simba6@mail.com;Simba6;Simba;KungFu;686-5892;Radiator Springs;Main St. 476
U000000731;barney9@mail.com;Barney9;Barney;Parker;942-8669;Hill Valley;Magnolia Way 878
U000000732;lisa0@mail.com;Lisa0;Lisa;Lightyear;254-9514;Metropolis;Riverside Dr. 649
U000000733;viper9@mail.com;Viper9;Viper;Sheriff;509-4695;Sunnydale;Riverside Dr. 285
U000000734;viper1@mail.com;Viper1;Viper;Van Houten;998-2405;Hill Valley;Sunset Blvd. 969
U000000735;maui2@mail.com;Maui2;Maui;Parker;967-2569;Radiator Springs;Maple St. 785
U000000736;clark8@mail.com;Clark8;Clark;Dash;157-5650;Halloween Town;Main St. 56
U000000737;bart2@mail.com;Bart2;Bart;Hawthorne;604-1518;Berk;Broadway 584
U000000738;lois6@mail.com;Lois6;Lois;Sven;705-5552;Zootopia;Pine St. 258
U000000739;barney2@mail.com;Barney2;Barney;Rider;705-4245;Pandora;1st Ave. 92
U000000740;olaf8@mail.com;Olaf8;Olaf;Sven;426-6746;Gotham;1st Ave. 554
U000000741;maui5@mail.com;Maui5;Maui;Simpson;214-7855;Radiator Springs;4rd Ave. 642
U000000742;dante6@mail.com;Dante6;Dante;Incredible;652-8520;Pandora;Broadway 856
U000000743;miguel4@mail.com;Miguel4;Miguel;Simpson;852-4228;Arendelle;Washington Blvd. 651
U000000744;bart0@mail.com;Bart0;Bart;Sandman;425-2817;Radiator Springs;Elm St. 120
U000000745;homer6@mail.com;Homer6;Homer;Simpson;170-5842;Sunnydale;Oak St. 559
U000000746;kristo9@mail.com;Kristo9;Kristo;Szyslak;912-7275;Hill Valley;Park Place 865
U000000747;olaf1@mail.com;Olaf1;Olaf;Wayne;479-4855;Springfield;Park Place 468
U000000748;donkey1@mail.com;Donkey1;Donkey;Rider;505-1209;Pandora;Main St. 695
U000000749;fiona2@mail.com;Fiona2;Fiona;Flanders;655-1057;Sherwood;4rd Ave. 890
U000000750;viper5@mail.com;Viper5;Viper;Flanders;594-2756;Berk;Magnolia Way 859
U000000751;simba2@mail.com;Simba2;Simba;Sheriff;252-7081;Seaside;Maple St. 190
U000000752;steve8@mail.com;Steve8;Steve;Lane;762-1675;Metropolis;Oak St. 10
U000000753;hiccup6@mail.com;Hiccup6;Hiccup;Romanoff;901-6087;Radiator Springs;Elm St. 584
U000000754;jack6@mail.com;Jack6;Jack;Lightyear;271-7550;Halloween Town;Sunset Blvd. 195
U000000755;scar2@mail.com;Scar2;Scar;Incredible;425-2685;Arendelle;Washington Blvd. 621
U000000756;simba5@mail.com;Simba5;Simba;Prince;257-9854;Seaside;Elm St. 558
U000000757;tony8@mail.com;Tony8;Tony;Pumbaa;872-8791;Berk;2nd Ave. 54
U000000758;buzz5@mail.com;Buzz5;Buzz;Stark;404-5570;Metropolis;Magnolia Way 842
U000000759;walter5@mail.com;Walter5;Walter;Sandman;587-5275;Pandora;Magnolia Way 456
U000000760;scar6@mail.com;Scar6;Scar;Szyslak;472-9725;Springfield;Main St. 400
U000000761;luca6@mail.com;Luca6;Luca;Romanoff;517-7740;Atlantis;Main St. 694
U000000762;moe1@mail.com;Moe1;Moe;Romanoff;855-6420;San Fransokyo;Magnolia Way 57
U000000763;merida0@mail.com;Merida0;Merida;Stormfly;642-1785;Halloween Town;1st Ave. 595
U000000764;kristo7@mail.com;Kristo7;Kristo;Van Houten;642-6170;Berk;2nd Ave. 586
U000000765;kristo9@mail.com;Kristo9;Kristo;Sandman;150-7429;Radiator Springs;Magnolia Way 685
U000000766;barney1@mail.com;Barney1;Barney;KungFu;499-4509;Radiator Springs;1st Ave. 28
U000000767;harry5@mail.com;Harry5;Harry;Rider;881-6585;Halloween Town;Elm St. 466
U000000768;fiona9@mail.com;Fiona9;Fiona;Sheriff;854-6470;San Fransokyo;Magnolia Way 49
U000000769;tigress5@mail.com;Tigress5;Tigress;Incredible;772-2505;San Fransokyo;Sunset Blvd. 515
U000000770;diana6@mail.com;Diana6;Diana;Romanoff;559-2179;Emerald City;1st Ave. 812
U000000771;moe5@mail.com;Moe5;Moe;Rider;545-8191;Sunnydale;Park Place 699
U000000772;selina7@mail.com;Selina7;Selina;Szyslak;428-5526;Arendelle;Pine St. 668
U000000773;sandy2@mail.com;Sandy2;Sandy;Arendelle;508-6046;Metropolis;Pine St. 690
U000000774;simba6@mail.com;Simba6;Simba;KungFu;686-5892;Radiator Springs;Main St. 476
U000000775;barney9@mail.com;Barney9;Barney;Parker;942-8669;Hill Valley;Magnolia Way 878
U000000776;lisa0@mail.com;Lisa0;Lisa;Lightyear;254-9514;Metropolis;Riverside Dr. 649
U000000777;viper9@mail.com;Viper9;Viper;Sheriff;509-4695;Sunnydale;Riverside Dr. 285
U000000778;viper1@mail.com;Viper1;Viper;Van Houten;998-2405;Hill Valley;Sunset Blvd. 969
U000000779;maui2@mail.com;Maui2;Maui;Parker;967-2569;Radiator Springs;Maple St. 785
U000000780;clark8@mail.com;Clark8;Clark;Dash;157-5650;Halloween Town;Main St. 56
U000000781;bart2@mail.com;Bart2;Bart;Hawthorne;604-1518;Berk;Broadway 584
U000000782;lois6@mail.com;Lois6;Lois;Sven;705-5552;Zootopia;Pine St. 258
U000000783;barney2@mail.com;Barney2;Barney;Rider;705-4245;Pandora;1st Ave. 92
U000000784;olaf8@mail.com;Olaf8;Olaf;Sven;426-6746;Gotham;1st Ave. 554
U000000785;maui5@mail.com;Maui5;Maui;Simpson;214-7855;Radiator Springs;4rd Ave. 742
U000000786;dante6@mail.com;Dante6;Dante;Incredible;652-8520;Pandora;Broadway 856
U000000787;miguel4@mail.com;Miguel4;Miguel;Simpson;852-4228;Arendelle;Washington Blvd. 651
U000000788;bart0@mail.com;Bart0;Bart;Sandman;425-2817;Radiator Springs;Elm St. 120
U000000789;homer6@mail.com;Homer6;Homer;Simpson;170-5842;Sunnydale;Oak St. 559
U000000790;kristo9@mail.com;Kristo9;Kristo;Szyslak;912-7275;Hill Valley;Park Place 865
U000000791;olaf1@mail.com;Olaf1;Olaf;Wayne;479-4855;Springfield;Park Place 468
U000000792;donkey1@mail.com;Donkey1;Donkey;Rider;505-1209;Pandora;Main St. 695
U000000793;fiona2@mail.com;Fiona2;Fiona;Flanders;655-1057;Sherwood;4rd Ave. 890
U000000794;viper5@mail.com;Viper5;Viper;Flanders;594-2756;Berk;Magnolia Way 859
U000000795;simba2@mail.com;Simba2;Simba;Sheriff;252-7081;Seaside;Maple St. 190
U000000796;steve8@mail.com;Steve8;Steve;Lane;762-1675;Metropolis;Oak St. 10
U000000797;hiccup6@mail.com;Hiccup6;Hiccup;Romanoff;901-6087;Radiator Springs;Elm St. 584
U000000798;jack6@mail.com;Jack6;Jack;Lightyear;271-7550;Halloween Town;Sunset Blvd. 195
U000000799;scar2@mail.com;Scar2;Scar;Incredible;425-2685;Arendelle;Washington Blvd. 621
U000000800;simba5@mail.com;Simba5;Simba;Prince;257-9854;Seaside;Elm St. 558
U000000801;tony8@mail.com;Tony8;Tony;Pumbaa;872-8791;Berk;2nd Ave. 54
U000000802;buzz5@mail.com;Buzz5;Buzz;Stark;404-5570;Metropolis;Magnolia Way 842
U000000803;walter5@mail.com;Walter5;Walter;Sandman;587-5275;Pandora;Magnolia Way 456
U000000804;scar6@mail.com;Scar6;Scar;Szyslak;472-9725;Springfield;Main St. 400
U000000805;luca6@mail.com;Luca6;Luca;Romanoff;517-7740;Atlantis;Main St. 694
U000000806;moe1@mail.com;Moe1;Moe;Romanoff;855-7420;San Fransokyo;Magnolia Way 57
U000000807;merida0@mail.com;Merida0;Merida;Stormfly;742-1785;Halloween Town;1st Ave. 595
U000000808;kristo7@mail.com;Kristo7;Kristo;Van Houten;742-6170;Berk;2nd Ave. 586
U000000809;kristo9@mail.com;Kristo9;Kristo;Sandman;150-7429;Radiator Springs;Magnolia Way 685
U000000810;barney1@mail.com;Barney1;Barney;KungFu;499-4509;Radiator Springs;1st Ave. 28
U000000811;harry5@mail.com;Harry5;Harry;Rider;881-6585;Halloween Town;Elm St. 466
U000000812;fiona9@mail.com;Fiona9;Fiona;Sheriff;854-6470;San Fransokyo;Magnolia Way 49
U000000813;tigress5@mail.com;Tigress5;Tigress;Incredible;772-2505;San Fransokyo;Sunset Blvd. 515
U000000814;diana6@mail.com;Diana6;Diana;Romanoff;559-2179;Emerald City;1st Ave. 812
U000000815;moe5@mail.com;Moe5;Moe;Rider;545-8191;Sunnydale;Park Place 699
U000000816;selina7@mail.com;Selina7;Selina;Szyslak;428-5526;Arendelle;Pine St. 668
U000000817;sandy2@mail.com;Sandy2;Sandy;Arendelle;508-6046;Metropolis;Pine St. 690
U000000818;simba6@mail.com;Simba6;Simba;KungFu;686-5892;Radiator Springs;Main St. 476
U000000819;barney9@mail.com;Barney9;Barney;Parker;942-8669;Hill Valley;Magnolia Way 878
U000000820;lisa0@mail.com;Lisa0;Lisa;Lightyear;254-9514;Metropolis;Riverside Dr. 649
U000000821;viper9@mail.com;Viper9;Viper;Sheriff;509-4695;Sunnydale;Riverside Dr. 285
U000000822;viper1@mail.com;Viper1;Viper;Van Houten;998-2405;Hill Valley;Sunset Blvd. 969
U000000823;maui2@mail.com;Maui2;Maui;Parker;967-2569;Radiator Springs;Maple St. 785
U000000824;clark8@mail.com;Clark8;Clark;Dash;157-5650;Halloween Town;Main St. 56
U000000825;bart2@mail.com;Bart2;Bart;Hawthorne;604-1518;Berk;Broadway 584
U000000826;lois6@mail.com;Lois6;Lois;Sven;705-5552;Zootopia;Pine St. 258
U000000827;barney2@mail.com;Barney2;Barney;Rider;705-4245;Pandora;1st Ave. 92
U000000828;olaf8@mail.com;Olaf8;Olaf;Sven;426-6746;Gotham;1st Ave. 554
U000000829;maui5@mail.com;Maui5;Maui;Simpson;214-7855;Radiator Springs;4rd Ave. 842
U000000830;dante6@mail.com;Dante6;Dante;Incredible;652-8520;Pandora;Broadway 856
U000000831;miguel4@mail.com;Miguel4;Miguel;Simpson;852-4228;Arendelle;Washington Blvd. 651
U000000832;bart0@mail.com;Bart0;Bart;Sandman;425-2817;Radiator Springs;Elm St. 120
U000000833;homer6@mail.com;Homer6;Homer;Simpson;170-5842;Sunnydale;Oak St. 559
U000000834;kristo9@mail.com;Kristo9;Kristo;Szyslak;912-7275;Hill Valley;Park Place 865
U000000835;olaf1@mail.com;Olaf1;Olaf;Wayne;479-4855;Springfield;Park Place 468
U000000836;donkey1@mail.com;Donkey1;Donkey;Rider;505-1209;Pandora;Main St. 695
U000000837;fiona2@mail.com;Fiona2;Fiona;Flanders;655-1057;Sherwood;4rd Ave. 890
U000000838;viper5@mail.com;Viper5;Viper;Flanders;594-2756;Berk;Magnolia Way 859
U000000839;simba2@mail.com;Simba2;Simba;Sheriff;252-7081;Seaside;Maple St. 190
U000000840;steve8@mail.com;Steve8;Steve;Lane;762-1675;Metropolis;Oak St. 10
U000000841;hiccup6@mail.com;Hiccup6;Hiccup;Romanoff;901-6087;Radiator Springs;Elm St. 584
U000000842;jack6@mail.com;Jack6;Jack;Lightyear;271-7550;Halloween Town;Sunset Blvd. 195
U000000843;scar2@mail.com;Scar2;Scar;Incredible;425-2685;Arendelle;Washington Blvd. 621
U000000844;simba5@mail.com;Simba5;Simba;Prince;257-9854;Seaside;Elm St. 558
U000000845;tony8@mail.com;Tony8;Tony;Pumbaa;872-8791;Berk;2nd Ave. 54
U000000846;buzz5@mail.com;Buzz5;Buzz;Stark;404-5570;Metropolis;Magnolia Way 842
U000000847;walter5@mail.com;Walter5;Walter;Sandman;587-5275;Pandora;Magnolia Way 456
U000000848;scar6@mail.com;Scar6;Scar;Szyslak;472-9725;Springfield;Main St. 400
U000000849;luca6@mail.com;Luca6;Luca;Romanoff;517-7740;Atlantis;Main St. 694
U000000850;moe1@mail.com;Moe1;Moe;Romanoff;855-8420;San Fransokyo;Magnolia Way 57
U000000851;merida0@mail.com;Merida0;Merida;Stormfly;842-1785;Halloween Town;1st Ave. 595
U000000852;kristo7@mail.com;Kristo7;Kristo;Van Houten;842-6170;Berk;2nd Ave. 586
U000000853;kristo9@mail.com;Kristo9;Kristo;Sandman;150-8429;Radiator Springs;Magnolia Way 685
U000000854;barney1@mail.com;Barney1;Barney;KungFu;499-4509;Radiator Springs;1st Ave. 28
U000000855;harry5@mail.com;Harry5;Harry;Rider;881-6585;Halloween Town;Elm St. 466
U000000856;fiona9@mail.com;Fiona9;Fiona;Sheriff;854-6470;San Fransokyo;Magnolia Way 49
U000000857;tigress5@mail.com;Tigress5;Tigress;Incredible;772-2505;San Fransokyo;Sunset Blvd. 515
U000000858;diana6@mail.com;Diana6;Diana;Romanoff;559-2179;Emerald City;1st Ave. 812
U000000859;moe5@mail.com;Moe5;Moe;Rider;545-8191;Sunnydale;Park Place 699
U000000860;selina7@mail.com;Selina7;Selina;Szyslak;428-5526;Arendelle;Pine St. 668
U000000861;sandy2@mail.com;Sandy2;Sandy;Arendelle;508-6046;Metropolis;Pine St. 690
U000000862;simba6@mail.com;Simba6;Simba;KungFu;686-5892;Radiator Springs;Main St. 476
U000000863;barney9@mail.com;Barney9;Barney;Parker;942-8669;Hill Valley;Magnolia Way 878
U000000864;lisa0@mail.com;Lisa0;Lisa;Lightyear;254-9514;Metropolis;Riverside Dr. 649
U000000865;viper9@mail.com;Viper9;Viper;Sheriff;509-4695;Sunnydale;Riverside Dr. 285
U000000866;viper1@mail.com;Viper1;Viper;Van Houten;998-2405;Hill Valley;Sunset Blvd. 969
U000000867;maui2@mail.com;Maui2;Maui;Parker;967-2569;Radiator Springs;Maple St. 785
U000000868;clark8@mail.com;Clark8;Clark;Dash;157-5650;Halloween Town;Main St. 56
U000000869;bart2@mail.com;Bart2;Bart;Hawthorne;604-1518;Berk;Broadway 584
U000000870;lois6@mail.com;Lois6;Lois;Sven;705-5552;Zootopia;Pine St. 258
U000000871;barney2@mail.com;Barney2;Barney;Rider;705-4245;Pandora;1st Ave. 92
U000000872;olaf8@mail.com;Olaf8;Olaf;Sven;426-6746;Gotham;1st Ave. 554
U000000873;maui5@mail.com;Maui5;Maui;Simpson;214-7855;Radiator Springs;4rd Ave. 942
U000000874;dante6@mail.com;Dante6;Dante;Incredible;652-8520;Pandora;Broadway 856
U000000875;miguel4@mail.com;Miguel4;Miguel;Simpson;852-4228;Arendelle;Washington Blvd. 651
U000000876;bart0@mail.com;Bart0;Bart;Sandman;425-2817;Radiator Springs;Elm St. 120
U000000877;homer6@mail.com;Homer6;Homer;Simpson;170-5942;Sunnydale;Oak St. 559
U000000878;kristo9@mail.com;Kristo9;Kristo;Szyslak;912-7275;Hill Valley;Park Place 865
U000000879;olaf1@mail.com;Olaf1;Olaf;Wayne;479-4855;Springfield;Park Place 468
U000000880;donkey1@mail.com;Donkey1;Donkey;Rider;505-1209;Pandora;Main St. 695
U000000881;fiona2@mail.com;Fiona2;Fiona;Flanders;655-1057;Sherwood;4rd Ave. 890
U000000882;viper5@mail.com;Viper5;Viper;Flanders;594-2756;Berk;Magnolia Way 859
U000000883;simba2@mail.com;Simba2;Simba;Sheriff;252-7081;Seaside;Maple St. 190
U000000884;steve8@mail.com;Steve8;Steve;Lane;762-1675;Metropolis;Oak St. 10
U000000885;hiccup6@mail.com;Hiccup6;Hiccup;Romanoff;901-6087;Radiator Springs;Elm St. 584
U000000886;jack6@mail.com;Jack6;Jack;Lightyear;271-7550;Halloween Town;Sunset Blvd. 195
U000000887;scar2@mail.com;Scar2;Scar;Incredible;425-2685;Arendelle;Washington Blvd. 621
U000000888;simba5@mail.com;Simba5;Simba;Prince;257-9854;Seaside;Elm St. 558
U000000889;tony8@mail.com;Tony8;Tony;Pumbaa;872-8791;Berk;2nd Ave. 54
U000000890;buzz5@mail.com;Buzz5;Buzz;Stark;404-5570;Metropolis;Magnolia Way 942
U000000891;walter5@mail.com;Walter5;Walter;Sandman;587-5275;Pandora;Magnolia Way 456
U000000892;scar6@mail.com;Scar6;Scar;Szyslak;472-9725;Springfield;Main St. 400
U000000893;luca6@mail.com;Luca6;Luca;Romanoff;517-7740;Atlantis;Main St. 694
U000000894;moe1@mail.com;Moe1;Moe;Romanoff;855-9420;San Fransokyo;Magnolia Way 57
U000000895;merida0@mail.com;Merida0;Merida;Stormfly;942-1785;Halloween Town;1st Ave. 595
U000000896;kristo7@mail.com;Kristo7;Kristo;Van Houten;942-6170;Berk;2nd Ave. 586
U000000897;kristo9@mail.com;Kristo9;Kristo;Sandman;150-9429;Radiator Springs;Magnolia Way 685
U000000898;harry5@mail.com;Harry5;Harry;Rider;881-6585;Halloween Town;Elm St. 466
U000000899;fiona9@mail.com;Fiona9;Fiona;Sheriff;854-6470;San Fransokyo;Magnolia Way 49
U000000900;tigress5@mail.com;Tigress5;Tigress;Incredible;772-2505;San Fransokyo;Sunset Blvd. 515
U000000901;diana6@mail.com;Diana6;Diana;Romanoff;559-2179;Emerald City;1st Ave. 812
U000000902;moe5@mail.com;Moe5;Moe;Rider;545-8191;Sunnydale;Park Place 699
U000000903;selina7@mail.com;Selina7;Selina;Szyslak;428-5526;Arendelle;Pine St. 668
U000000904;sandy2@mail.com;Sandy2;Sandy;Arendelle;508-6046;Metropolis;Pine St. 690
U000000905;simba6@mail.com;Simba6;Simba;KungFu;686-5892;Radiator Springs;Main St. 476
U000000906;barney9@mail.com;Barney9;Barney;Parker;942-8669;Hill Valley;Magnolia Way 878
U000000907;lisa0@mail.com;Lisa0;Lisa;Lightyear;254-9514;Metropolis;Riverside Dr. 649
U000000908;viper9@mail.com;Viper9;Viper;Sheriff;509-4695;Sunnydale;Riverside Dr. 285
U000000909;viper1@mail.com;Viper1;Viper;Van Houten;998-2405;Hill Valley;Sunset Blvd. 969
U000000910;maui2@mail.com;Maui2;Maui;Parker;967-2569;Radiator Springs;Maple St. 785
U000000911;clark8@mail.com;Clark8;Clark;Dash;157-5650;Halloween Town;Main St. 56
U000000912;bart2@mail.com;Bart2;Bart;Hawthorne;604-1518;Berk;Broadway 584
U000000913;lois6@mail.com;Lois6;Lois;Sven;705-5552;Zootopia;Pine St. 258
U000000914;barney2@mail.com;Barney2;Barney;Rider;705-4245;Pandora;1st Ave. 92
U000000915;olaf8@mail.com;Olaf8;Olaf;Sven;426-6746;Gotham;1st Ave. 554
U000000916;maui5@mail.com;Maui5;Maui;Simpson;214-7855;Radiator Springs;4rd Ave. 642
U000000917;dante6@mail.com;Dante6;Dante;Incredible;652-8520;Pandora;Broadway 856
U000000918;miguel4@mail.com;Miguel4;Miguel;Simpson;852-4228;Arendelle;Washington Blvd. 651
U000000919;bart0@mail.com;Bart0;Bart;Sandman;425-2817;Radiator Springs;Elm St. 120
U000000920;homer6@mail.com;Homer6;Homer;Simpson;170-5842;Sunnydale;Oak St. 559
U000000921;kristo9@mail.com;Kristo9;Kristo;Szyslak;912-7275;Hill Valley;Park Place 865
U000000922;olaf1@mail.com;Olaf1;Olaf;Wayne;479-4855;Springfield;Park Place 468
U000000923;donkey1@mail.com;Donkey1;Donkey;Rider;505-1209;Pandora;Main St. 695
U000000924;fiona2@mail.com;Fiona2;Fiona;Flanders;655-1057;Sherwood;4rd Ave. 890
U000000925;viper5@mail.com;Viper5;Viper;Flanders;594-2756;Berk;Magnolia Way 859
U000000926;simba2@mail.com;Simba2;Simba;Sheriff;252-7081;Seaside;Maple St. 190
U000000927;steve8@mail.com;Steve8;Steve;Lane;762-1675;Metropolis;Oak St. 10
U000000928;hiccup6@mail.com;Hiccup6;Hiccup;Romanoff;901-6087;Radiator Springs;Elm St. 584
U000000929;jack6@mail.com;Jack6;Jack;Lightyear;271-7550;Halloween Town;Sunset Blvd. 195
U000000930;scar2@mail.com;Scar2;Scar;Incredible;425-2685;Arendelle;Washington Blvd. 621
U000000931;simba5@mail.com;Simba5;Simba;Prince;257-9854;Seaside;Elm St. 558
U000000932;tony8@mail.com;Tony8;Tony;Pumbaa;872-8791;Berk;2nd Ave. 54
U000000933;buzz5@mail.com;Buzz5;Buzz;Stark;404-5570;Metropolis;Magnolia Way 842
U000000934;walter5@mail.com;Walter5;Walter;Sandman;587-5275;Pandora;Magnolia Way 456
U000000935;scar6@mail.com;Scar6;Scar;Szyslak;472-9725;Springfield;Main St. 400
U000000936;luca6@mail.com;Luca6;Luca;Romanoff;517-7740;Atlantis;Main St. 694
U000000937;moe1@mail.com;Moe1;Moe;Romanoff;855-5420;San Fransokyo;Magnolia Way 57
U000000938;merida0@mail.com;Merida0;Merida;Stormfly;642-1785;Halloween Town;1st Ave. 595
U000000939;kristo7@mail.com;Kristo7;Kristo;Van Houten;542-6170;Berk;2nd Ave. 586
U000000940;kristo9@mail.com;Kristo9;Kristo;Sandman;150-7429;Radiator Springs;Magnolia Way 685
U000000941;harry5@mail.com;Harry5;Harry;Rider;881-6585;Halloween Town;Elm St. 466
U000000942;fiona9@mail.com;Fiona9;Fiona;Sheriff;854-6470;San Fransokyo;Magnolia Way 49
U000000943;tigress5@mail.com;Tigress5;Tigress;Incredible;772-2505;San Fransokyo;Sunset Blvd. 515
U000000944;diana6@mail.com;Diana6;Diana;Romanoff;559-2179;Emerald City;1st Ave. 812
U000000945;rapunzel5@mail.com;Rapunzel5;Rapunzel;Rider;509-7052;Seaside;Riverside Dr. 675
U000000946;moe5@mail.com;Moe5;Moe;Rider;545-8191;Sunnydale;Park Place 699
U000000947;selina7@mail.com;Selina7;Selina;Szyslak;428-5526;Arendelle;Pine St. 668
U000000948;sandy2@mail.com;Sandy2;Sandy;Arendelle;508-6046;Metropolis;Pine St. 690
U000000949;simba6@mail.com;Simba6;Simba;KungFu;686-5892;Radiator Springs;Main St. 476
U000000950;barney9@mail.com;Barney9;Barney;Parker;942-8669;Hill Valley;Magnolia Way 878
U000000951;lisa0@mail.com;Lisa0;Lisa;Lightyear;254-9514;Metropolis;Riverside Dr. 649
U000000952;viper9@mail.com;Viper9;Viper;Sheriff;509-4695;Sunnydale;Riverside Dr. 285
U000000953;viper1@mail.com;Viper1;Viper;Van Houten;998-2405;Hill Valley;Sunset Blvd. 969
U000000954;toothles5@mail.com;Toothles5;Toothless;Parker;975-4059;Hill Valley;Maple St. 278
U000000955;maui2@mail.com;Maui2;Maui;Parker;967-2569;Radiator Springs;Maple St. 785
U000000956;ernesto6@mail.com;Ernesto6;Ernesto;Stark;846-4256;Springfield;Park Place 547
U000000957;clark8@mail.com;Clark8;Clark;Dash;157-5650;Halloween Town;Main St. 56
U000000958;ernesto9@mail.com;Ernesto9;Ernesto;Arendelle;791-8025;Sherwood;Main St. 662
U000000959;bart2@mail.com;Bart2;Bart;Hawthorne;604-1518;Berk;Broadway 584
U000000960;lois6@mail.com;Lois6;Lois;Sven;705-5552;Zootopia;Pine St. 258
U000000961;barney2@mail.com;Barney2;Barney;Rider;705-4245;Pandora;1st Ave. 92
U000000962;olaf8@mail.com;Olaf8;Olaf;Sven;426-6746;Gotham;1st Ave. 554
U000000963;maui5@mail.com;Maui5;Maui;Simpson;214-7855;Radiator Springs;4rd Ave. 642
U000000964;dante6@mail.com;Dante6;Dante;Incredible;652-8520;Pandora;Broadway 856
U000000965;miguel4@mail.com;Miguel4;Miguel;Simpson;852-4228;Arendelle;Washington Blvd. 651
U000000966;bart0@mail.com;Bart0;Bart;Sandman;425-2817;Radiator Springs;Elm St. 120
U000000967;homer6@mail.com;Homer6;Homer;Simpson;170-5842;Sunnydale;Oak St. 559
U000000968;kristo9@mail.com;Kristo9;Kristo;Szyslak;912-7275;Hill Valley;Park Place 865
U000000969;olaf1@mail.com;Olaf1;Olaf;Wayne;479-4855;Springfield;Park Place 468
U000000970;donkey1@mail.com;Donkey1;Donkey;Rider;505-1209;Pandora;Main St. 695
U000000971;fiona2@mail.com;Fiona2;Fiona;Flanders;655-1057;Sherwood;4rd Ave. 890
U000000972;toothles5@mail.com;Toothles5;Toothless;Dash;145-1517;Halloween Town;Cedar Ln. 995
U000000973;viper5@mail.com;Viper5;Viper;Flanders;594-2756;Berk;Magnolia Way 859
U000000974;natasha1@mail.com;Natasha1;Natasha;Gumble;452-4258;Metropolis;2nd Ave. 900
U000000975;simba2@mail.com;Simba2;Simba;Sheriff;252-7081;Seaside;Maple St. 190
U000000976;steve8@mail.com;Steve8;Steve;Lane;762-1675;Metropolis;Oak St. 10
U000000977;hiccup6@mail.com;Hiccup6;Hiccup;Romanoff;901-6087;Radiator Springs;Elm St. 584
U000000978;jack6@mail.com;Jack6;Jack;Lightyear;271-7550;Halloween Town;Sunset Blvd. 195
U000000979;scar2@mail.com;Scar2;Scar;Incredible;425-2685;Arendelle;Washington Blvd. 621
U000000980;simba5@mail.com;Simba5;Simba;Prince;257-9854;Seaside;Elm St. 558
U000000981;tony8@mail.com;Tony8;Tony;Pumbaa;872-8791;Berk;2nd Ave. 54
U000000982;buzz5@mail.com;Buzz5;Buzz;Stark;404-5570;Metropolis;Magnolia Way 842
U000000983;walter5@mail.com;Walter5;Walter;Sandman;587-5275;Pandora;Magnolia Way 456
U000000984;scar6@mail.com;Scar6;Scar;Szyslak;472-9725;Springfield;Main St. 400
U000000985;luca6@mail.com;Luca6;Luca;Romanoff;517-7740;Atlantis;Main St. 694
U000000986;moe1@mail.com;Moe1;Moe;Romanoff;855-5420;San Fransokyo;Magnolia Way 57
U000000987;merida0@mail.com;Merida0;Merida;Stormfly;642-1785;Halloween Town;1st Ave. 595
U000000988;kristo7@mail.com;Kristo7;Kristo;Van Houten;542-6170;Berk;2nd Ave. 586
U000000989;kristo9@mail.com;Kristo9;Kristo;Sandman;150-7429;Radiator Springs;Magnolia Way 685
U000000990;barney1@mail.com;Barney1;Barney;KungFu;499-4509;Radiator Springs;1st Ave. 28
U000000991;harry5@mail.com;Harry5;Harry;Rider;881-6585;Halloween Town;Elm St. 466
U000000992;fiona9@mail.com;Fiona9;Fiona;Sheriff;854-6470;San Fransokyo;Magnolia Way 49
U000000993;tigress5@mail.com;Tigress5;Tigress;Incredible;772-2505;San Fransokyo;Sunset Blvd. 515
U000000994;diana6@mail.com;Diana6;Diana;Romanoff;559-2179;Emerald City;1st Ave. 812
U000000995;moe5@mail.com;Moe5;Moe;Rider;545-8191;Sunnydale;Park Place 699
U000000996;selina7@mail.com;Selina7;Selina;Szyslak;428-5526;Arendelle;Pine St. 668
U000000997;sandy2@mail.com;Sandy2;Sandy;Arendelle;508-6046;Metropolis;Pine St. 690
U000000998;simba6@mail.com;Simba6;Simba;KungFu;686-5892;Radiator Springs;Main St. 476
U000000999;barney9@mail.com;Barney9;Barney;Parker;942-8669;Hill Valley;Magnolia Way 878
U000001000;lisa0@mail.com;Lisa0;Lisa;Lightyear;254-9514;Metropolis;Riverside Dr. 649
